Short_Name,Zone,id,Trench_Name,Lon,Lat,Lon1,Lat1,Lon2,Lat2,Az,UPN,Geodetic_UPS,Seismic_UPS,M56_SP_Name,M56_UP_Name,M56_ARC_Name,M56_ARC_ref,M56_vc,M56_Azvc,M56_Ovc,M56_vcn,M56_vs,M56_Azvs,M56_Ovs,M56_vsn,M56_vd,M56_Azvd,M56_Ovd,M56_vdn,alphaS,alphaD,A,Phi
MED1,MED,1,Calabria,17.4,40.0,20.8,40.6,7.5,37.5,255.0,1,SS-E,-999,NUBIA,EURASIA,DEF_CALABRIAN_ARC,Serpelloni et al. (2009),9.0,341.0,86.0,1.0,12.0,335.0,80.0,2.0,3.0,135.0,120.0,-2.0,45.0,54.0,-999.0,-999.0
MED10,MED,10,Aegean,28.0,33.0,29.1,30.5,24.4,40.6,340.0,1,E-SS,-999,NUBIA,EURASIA,RHODES,Vernant et al. (2014),10.0,358.0,18.0,10.0,42.0,6.0,26.0,37.0,32.0,189.0,151.0,-28.0,15.0,42.0,267.0,4584.0
MED11,MED,11,Aegean,30.0,34.4,32.1,32.3,23.2,40.4,320.0,1,SS-E,-999,NUBIA,EURASIA,ISPARTA,Vernant et al. (2014),10.0,357.0,37.0,8.0,20.0,8.0,48.0,14.0,10.0,198.0,122.0,-5.0,18.0,43.0,261.0,1811.0
MED12,MED,12,Cyprean,31.5,34.6,30.9,31.9,33.4,42.6,10.0,1,Neutral,-999,NUBIA,ANATOLIA,-999,-999,16.0,34.0,24.0,14.0,16.0,34.0,24.0,14.0,0.0,-999.0,-999.0,0.0,28.0,51.0,257.0,2243.0
MED13,MED,13,Cyprean,33.5,34.1,33.2,31.4,34.4,42.2,5.0,1,Neutral,-999,NUBIA,ANATOLIA,-999,-999,12.0,41.0,36.0,10.0,12.0,41.0,36.0,10.0,0.0,-999.0,-999.0,0.0,28.0,52.0,-999.0,-999.0
MED14,MED,14,Makran,57.5,24.7,56.3,22.2,61.5,32.0,25.0,1,C-SS,-999,ARABIA,EURASIA,LUT BLOCK,Reilinger et al. (2006),35.0,20.0,5.0,35.0,29.0,27.0,2.0,29.0,7.0,351.0,34.0,6.0,14.0,27.0,-999.0,-999.0
MED15,MED,15,Makran,59.5,24.2,59.1,21.4,60.8,32.1,8.0,1,C-SS,-999,ARABIA,EURASIA,LUT BLOCK,Reilinger et al. (2006),36.0,21.0,13.0,35.0,31.0,27.0,19.0,30.0,6.0,350.0,18.0,6.0,15.0,29.0,-999.0,-999.0
MED16,MED,16,Makran,61.5,24.0,61.6,21.3,61.3,32.1,359.0,1,C-SS,-999,ARABIA,EURASIA,LUT BLOCK,Reilinger et al. (2006),38.0,21.0,22.0,35.0,33.0,26.0,27.0,29.0,6.0,349.0,10.0,6.0,14.0,34.0,-999.0,-999.0
MED17,MED,17,Makran,63.5,24.1,63.7,21.4,62.8,32.2,356.0,1,C,-999,ARABIA,EURASIA,LUT BLOCK,Reilinger et al. (2006),39.0,21.0,25.0,35.0,34.0,26.0,30.0,30.0,5.0,350.0,7.0,5.0,13.0,38.0,93.0,1173.0
MED18,MED,18,Makran,65.5,24.5,66.3,21.9,63.0,32.3,345.0,1,C,-999,ARABIA,EURASIA,LUT BLOCK,Reilinger et al. (2006),40.0,21.0,36.0,32.0,36.0,25.0,40.0,27.0,5.0,351.0,6.0,5.0,13.0,38.0,97.0,1101.0
MED2,MED,2,Calabria,19.2,37.6,21.7,36.6,9.4,41.7,300.0,1,E-SS,-999,NUBIA,EURASIA,DEF_CALABRIAN_ARC,Serpelloni et al. (2009),9.0,345.0,45.0,6.0,12.0,338.0,38.0,9.0,3.0,135.0,165.0,-3.0,21.0,51.0,240.0,1226.0
MED3,MED,3,Calabria,18.0,36.1,20.1,34.0,11.0,42.1,320.0,1,E,-999,NUBIA,EURASIA,DEF_CALABRIAN_ARC,Serpelloni et al. (2009),9.0,347.0,27.0,8.0,11.0,339.0,19.0,11.0,3.0,135.0,175.0,-3.0,15.0,52.0,242.0,1393.0
MED4,MED,4,Aegean,18.8,37.0,15.4,37.0,28.9,36.4,91.0,1,SS-E,-999,NUBIA,EURASIA,WESTERN_PELOPONNESE,Vernant et al. (2014),9.0,346.0,105.0,-2.0,55.0,20.0,71.0,18.0,48.0,206.0,115.0,-20.0,-999.0,-999.0,247.0,-999.0
MED5,MED,5,Aegean,18.9,35.0,16.2,33.5,27.7,39.1,57.0,1,E-SS,-999,NUBIA,EURASIA,WESTERN_PELOPONNESE,Vernant et al. (2014),9.0,349.0,68.0,3.0,51.0,9.0,48.0,34.0,43.0,193.0,136.0,-31.0,12.0,48.0,-999.0,-999.0
MED6,MED,6,Aegean,20.0,33.7,18.2,31.5,26.1,40.2,35.0,1,E-SS,-999,NUBIA,EURASIA,WESTERN_PELOPONNESE,Vernant et al. (2014),9.0,352.0,43.0,6.0,46.0,2.0,33.0,38.0,37.0,184.0,149.0,-32.0,11.0,57.0,-999.0,-999.0
MED7,MED,7,Aegean,22.0,33.2,20.9,30.7,25.6,40.8,20.0,1,E-SS,-999,NUBIA,EURASIA,AEGEAN_SEA,Vernant et al. (2014),9.0,354.0,26.0,8.0,40.0,24.0,4.0,40.0,33.0,212.0,168.0,-32.0,13.0,54.0,-999.0,-999.0
MED8,MED,8,Aegean,24.0,33.0,23.4,30.4,26.2,40.9,12.0,1,E-SS,-999,NUBIA,EURASIA,AEGEAN_SEA,Vernant et al. (2014),9.0,355.0,17.0,9.0,41.0,25.0,13.0,40.0,33.0,213.0,159.0,-31.0,15.0,48.0,277.0,5551.0
MED9,MED,9,Aegean,26.0,32.2,26.5,29.5,24.2,40.2,350.0,1,E-SS,-999,NUBIA,EURASIA,AEGEAN_SEA,Vernant et al. (2014),10.0,357.0,7.0,10.0,42.0,26.0,36.0,34.0,33.0,214.0,136.0,-24.0,14.0,52.0,276.0,4832.0
NPA1,NPA,1,Japan,142.2,35.0,145.1,33.7,133.0,38.3,297.1,1,SS-C,-999,PACIFIC,AMUR,OKHOTSK,Argus et al. (2011),99.0,287.0,10.0,98.0,93.0,291.0,7.0,93.0,8.0,247.0,51.0,5.0,19.0,30.0,132.0,5067.0
NPA10,NPA,10,Kurils,155.1,47.0,158.1,45.3,144.8,51.5,307.6,2,Neutral,-999,PACIFIC,OKHOTSK,-999,-999,87.0,298.0,9.0,86.0,87.0,298.0,9.0,86.0,0.0,-999.0,-999.0,0.0,27.0,45.0,114.0,5692.0
NPA11,NPA,11,Kurils,157.5,49.0,160.4,47.1,147.5,54.2,313.9,2,Neutral,-999,PACIFIC,OKHOTSK,-999,-999,86.0,300.0,14.0,83.0,86.0,300.0,14.0,83.0,0.0,-999.0,-999.0,0.0,25.0,48.0,107.0,5177.0
NPA12,NPA,12,Kamchatka,160.2,51.0,163.6,49.4,148.5,55.0,304.1,2,Undefined,-999,PACIFIC,OKHOTSK,-999,-999,84.0,302.0,3.0,84.0,84.0,302.0,3.0,84.0,-999.0,-999.0,-999.0,-999.0,23.0,50.0,105.0,5101.0
NPA13,NPA,13,Kamchatka,162.3,53.0,166.1,51.6,149.6,56.4,300.0,2,Undefined,-999,PACIFIC,OKHOTSK,-999,-999,82.0,303.0,3.0,82.0,82.0,303.0,3.0,82.0,-999.0,-999.0,-999.0,-999.0,24.0,58.0,102.0,5248.0
NPA14,NPA,14,Kamchatka,163.4,54.3,167.5,53.1,150.3,57.9,300.0,2,Undefined,-999,PACIFIC,OKHOTSK,-999,-999,81.0,304.0,4.0,81.0,81.0,304.0,4.0,81.0,-999.0,-999.0,-999.0,-999.0,27.0,58.0,99.0,5221.0
NPA15,NPA,15,Aleutians,165.0,54.9,162.8,52.5,173.5,61.7,30.0,2,SS-C,-999,PACIFIC,NORTH_AMERICA,DEF_KOMANDORSKY_FOREARC,Cross and Freymueller (2008),76.0,307.0,83.0,9.0,28.0,289.0,101.0,-5.0,50.0,317.0,73.0,15.0,8.0,-999.0,99.0,-999.0
NPA16,NPA,16,Aleutians,167.0,53.8,164.9,51.4,175.0,60.7,29.0,2,SS-C,-999,PACIFIC,NORTH_AMERICA,DEF_KOMANDORSKY_FOREARC,Cross and Freymueller (2008),76.0,308.0,81.0,12.0,32.0,304.0,85.0,3.0,44.0,311.0,78.0,9.0,8.0,-999.0,102.0,-999.0
NPA17,NPA,17,Aleutians,169.0,52.9,167.0,50.5,176.6,59.8,28.0,2,SS,-999,PACIFIC,NORTH_AMERICA,DEF_KOMANDORSKY_FOREARC,Cross and Freymueller (2008),76.0,309.0,79.0,14.0,38.0,312.0,76.0,9.0,38.0,306.0,82.0,5.0,11.0,-999.0,99.0,-999.0
NPA18,NPA,18,Aleutians,171.0,52.1,169.0,49.7,178.4,59.0,28.0,2,SS,-999,PACIFIC,NORTH_AMERICA,DEF_KOMANDORSKY_FOREARC,Cross and Freymueller (2008),76.0,310.0,78.0,16.0,45.0,317.0,71.0,14.0,32.0,300.0,88.0,1.0,26.0,-999.0,102.0,-999.0
NPA19,NPA,19,Aleutians,173.0,51.6,171.1,49.2,180.3,58.6,27.9,2,SS,-999,PACIFIC,NORTH_AMERICA,DEF_KOMANDORSKY_FOREARC,Cross and Freymueller (2008),76.0,311.0,77.0,17.0,49.0,321.0,67.0,19.0,29.0,293.0,95.0,-3.0,30.0,-999.0,73.0,-999.0
NPA2,NPA,2,Japan,143.5,37.0,146.4,35.7,134.2,40.6,298.9,1,SS-C,-999,PACIFIC,AMUR,OKHOTSK,Argus et al. (2011),98.0,288.0,11.0,96.0,93.0,291.0,8.0,92.0,7.0,243.0,56.0,4.0,17.0,28.0,134.0,4696.0
NPA20,NPA,20,Aleutians,175.0,51.1,173.9,48.5,179.3,58.8,16.2,2,SS,-999,PACIFIC,NORTH_AMERICA,DEF_KOMANDORSKY_FOREARC,Cross and Freymueller (2008),76.0,312.0,64.0,33.0,53.0,324.0,52.0,33.0,26.0,286.0,90.0,0.0,33.0,-999.0,49.0,-999.0
NPA21,NPA,21,Aleutians,177.0,50.8,175.5,48.3,182.5,58.2,20.9,2,SS-E,-999,PACIFIC,NORTH_AMERICA,DEF_KOMANDORSKY_FOREARC,Cross and Freymueller (2008),75.0,313.0,68.0,28.0,58.0,326.0,55.0,33.0,23.0,279.0,102.0,-5.0,32.0,58.0,51.0,1160.0
NPA22,NPA,22,Aleutians,179.0,50.4,178.2,47.8,182.2,58.3,11.6,2,SS-E,-999,PACIFIC,NORTH_AMERICA,DEF_KOMANDORSKY_FOREARC,Cross and Freymueller (2008),75.0,314.0,58.0,40.0,61.0,326.0,45.0,43.0,20.0,272.0,100.0,-3.0,31.0,60.0,53.0,1574.0
NPA23,NPA,23,Aleutians,181.0,50.3,181.6,47.6,178.6,58.3,350.9,2,SS-C,-999,PACIFIC,NORTH_AMERICA,DEF_KOMANDORSKY_FOREARC,Cross and Freymueller (2008),74.0,315.0,36.0,60.0,65.0,326.0,24.0,59.0,17.0,265.0,74.0,5.0,30.0,63.0,53.0,2175.0
NPA24,NPA,24,Aleutians,183.0,50.4,183.7,47.7,180.3,58.3,350.2,2,E-SS,-999,PACIFIC,NORTH_AMERICA,PENINSULA,Elliot and Freymueller (2020),74.0,316.0,34.0,61.0,76.0,321.0,30.0,66.0,7.0,206.0,144.0,-5.0,27.0,68.0,55.0,2507.0
NPA25,NPA,25,Aleutians,185.0,50.5,185.6,47.8,182.9,58.5,352.0,2,E-SS,-999,PACIFIC,NORTH_AMERICA,PENINSULA,Elliot and Freymueller (2020),73.0,317.0,35.0,60.0,75.0,322.0,30.0,65.0,6.0,210.0,142.0,-5.0,26.0,64.0,56.0,2434.0
NPA26,NPA,26,Aleutians,187.0,50.8,187.5,48.2,185.1,58.9,353.0,2,E-SS,-999,PACIFIC,NORTH_AMERICA,PENINSULA,Elliot and Freymueller (2020),72.0,318.0,35.0,59.0,74.0,323.0,30.0,64.0,6.0,216.0,137.0,-4.0,28.0,62.0,54.0,2337.0
NPA27,NPA,27,Aleutians,189.0,51.1,190.3,48.5,184.2,58.7,342.3,2,SS-E,-999,PACIFIC,NORTH_AMERICA,PENINSULA,Elliot and Freymueller (2020),71.0,319.0,23.0,66.0,72.0,324.0,19.0,69.0,5.0,221.0,121.0,-3.0,28.0,62.0,61.0,2846.0
NPA28,NPA,28,Aleutians,191.0,51.5,192.7,49.0,184.7,58.7,336.2,2,SS-E,-999,PACIFIC,NORTH_AMERICA,PENINSULA,Elliot and Freymueller (2020),70.0,321.0,16.0,68.0,71.0,325.0,11.0,69.0,5.0,228.0,109.0,-2.0,30.0,63.0,59.0,2831.0
NPA29,NPA,29,Aleutians,193.0,52.0,194.6,49.5,187.1,59.4,337.9,2,SS-E,-999,PACIFIC,NORTH_AMERICA,PENINSULA,Elliot and Freymueller (2020),69.0,322.0,16.0,67.0,69.0,326.0,12.0,68.0,5.0,235.0,103.0,-1.0,27.0,54.0,57.0,2448.0
NPA3,NPA,3,Japan,144.2,39.0,147.6,38.6,133.8,39.5,276.6,1,C-SS,-999,PACIFIC,AMUR,OKHOTSK,Argus et al. (2011),96.0,289.0,12.0,94.0,92.0,292.0,15.0,89.0,7.0,239.0,37.0,6.0,17.0,28.0,132.0,4475.0
NPA30,NPA,30,Aleutians,195.0,52.5,196.6,50.0,189.0,59.9,338.0,1,SS,-999,PACIFIC,NORTH_AMERICA,PENINSULA,Elliot and Freymueller (2020),68.0,323.0,15.0,66.0,68.0,328.0,11.0,67.0,5.0,243.0,96.0,0.0,24.0,58.0,55.0,2312.0
NPA31,NPA,31,Alaska,197.0,53.1,198.5,50.6,191.4,60.6,339.5,1,SS,-999,PACIFIC,NORTH_AMERICA,PENINSULA,Elliot and Freymueller (2020),67.0,325.0,15.0,65.0,66.0,329.0,5.0,66.0,5.0,250.0,89.0,0.0,25.0,56.0,57.0,2354.0
NPA32,NPA,32,Alaska,199.0,53.5,200.2,50.9,194.4,61.2,343.5,1,SS,-999,PACIFIC,NORTH_AMERICA,PENINSULA,Elliot and Freymueller (2020),66.0,326.0,17.0,63.0,64.0,330.0,13.0,63.0,5.0,258.0,86.0,0.0,24.0,50.0,55.0,2032.0
NPA33,NPA,33,Alaska,201.0,53.8,202.3,51.2,195.8,61.4,341.6,1,SS-C,-999,PACIFIC,NORTH_AMERICA,PENINSULA,Elliot and Freymueller (2020),65.0,327.0,14.0,63.0,63.0,332.0,10.0,62.0,5.0,265.0,77.0,1.0,23.0,50.0,55.0,1972.0
NPA34,NPA,34,Alaska,203.0,54.2,204.4,51.6,197.4,61.7,341.3,1,SS-C,-999,PACIFIC,NORTH_AMERICA,PENINSULA,Elliot and Freymueller (2020),64.0,329.0,12.0,62.0,61.0,333.0,8.0,61.0,5.0,272.0,70.0,2.0,21.0,56.0,54.0,1956.0
NPA35,NPA,35,Alaska,205.0,54.8,207.7,52.6,195.0,60.9,323.1,1,SS-C,-999,PACIFIC,NORTH_AMERICA,PENINSULA,Elliot and Freymueller (2020),63.0,330.0,7.0,62.0,60.0,335.0,12.0,58.0,6.0,278.0,45.0,4.0,20.0,52.0,51.0,1671.0
NPA36,NPA,36,Alaska,207.0,55.6,209.3,53.2,198.3,62.3,330.1,1,SS-C,-999,PACIFIC,NORTH_AMERICA,KODIAK,Elliot and Freymueller (2020),61.0,332.0,2.0,61.0,53.0,343.0,13.0,52.0,14.0,284.0,46.0,10.0,18.0,53.0,47.0,1354.0
NPA37,NPA,37,Alaska,209.0,56.2,211.2,53.8,200.3,63.0,331.0,1,SS-C,-999,PACIFIC,NORTH_AMERICA,KODIAK,Elliot and Freymueller (2020),60.0,334.0,3.0,60.0,53.0,345.0,14.0,52.0,13.0,282.0,49.0,8.0,18.0,61.0,44.0,1354.0
NPA38,NPA,38,Alaska,211.0,57.1,214.0,55.0,199.6,62.9,319.6,1,C-SS,-999,PACIFIC,NORTH_AMERICA,KODIAK,Elliot and Freymueller (2020),59.0,336.0,16.0,56.0,53.0,347.0,27.0,47.0,12.0,279.0,40.0,9.0,15.0,60.0,43.0,1137.0
NPA39,NPA,39,Alaska,213.0,58.0,216.4,56.0,200.3,63.2,314.5,1,C,-999,PACIFIC,NORTH_AMERICA,PRINCE WILLIAM SOUND,Elliot and Freymueller (2020),57.0,338.0,23.0,53.0,51.0,341.0,27.0,46.0,7.0,313.0,1.0,7.0,14.0,65.0,40.0,1056.0
NPA4,NPA,4,Japan,144.5,40.5,147.7,39.4,134.2,43.1,291.9,1,SS-C,-999,PACIFIC,AMUR,OKHOTSK,Argus et al. (2011),95.0,289.0,3.0,95.0,92.0,292.0,0.0,92.0,6.0,236.0,56.0,3.0,17.0,27.0,130.0,4463.0
NPA40,NPA,40,Alaska,214.5,59.1,218.3,57.3,200.6,63.8,310.6,1,C,-999,PACIFIC,NORTH_AMERICA,PRINCE WILLIAM SOUND,Elliot and Freymueller (2020),56.0,340.0,29.0,49.0,49.0,345.0,34.0,41.0,8.0,313.0,2.0,8.0,13.0,64.0,37.0,852.0
NPA41,NPA,41,Alaska,215.0,59.1,217.7,56.8,204.3,65.5,327.2,1,C,-999,PACIFIC,NORTH_AMERICA,ICY BAY,Elliot and Freymueller (2020),56.0,340.0,13.0,54.0,21.0,13.0,46.0,14.0,40.0,324.0,3.0,40.0,12.0,53.0,37.0,261.0
NPA42,NPA,42,Alaska,215.5,59.2,216.8,56.6,210.2,66.9,345.0,1,C-SS,-999,PACIFIC,NORTH_AMERICA,ICY BAY,Elliot and Freymueller (2020),56.0,341.0,4.0,55.0,21.0,13.0,28.0,19.0,39.0,324.0,21.0,37.0,12.0,36.0,37.0,280.0
NPA43,NPA,43,Cascadia,231.7,50.0,227.8,49.0,244.1,52.1,70.0,1,SS-C,-999,JUAN_DE_FUCA,NORTH_AMERICA,DEF_VANCOUVER_ISLAND,Mazzotti et al. (2003),45.0,49.0,21.0,42.0,43.0,52.0,18.0,41.0,3.0,0.0,70.0,1.0,13.0,-999.0,3.0,-999.0
NPA44,NPA,44,Cascadia,233.4,48.0,229.7,47.0,245.3,50.2,70.0,1,SS-C,-999,JUAN_DE_FUCA,NORTH_AMERICA,DEF_VANCOUVER_ISLAND,Mazzotti et al. (2003),40.0,49.0,21.0,38.0,39.0,53.0,17.0,37.0,3.0,0.0,70.0,1.0,18.0,54.0,5.0,103.0
NPA45,NPA,45,Cascadia,234.4,46.0,230.3,45.5,245.8,46.8,80.0,1,SS,-999,JUAN_DE_FUCA,NORTH_AMERICA,DEF_OREGON,Mazzotti et al. (2002),37.0,47.0,33.0,31.0,33.0,54.0,26.0,30.0,6.0,0.0,80.0,1.0,20.0,57.0,7.0,124.0
NPA46,NPA,46,Cascadia,234.6,44.0,230.9,43.9,245.8,43.6,89.0,1,SS,-999,JUAN_DE_FUCA,NORTH_AMERICA,DEF_OREGON,Mazzotti et al. (2002),33.0,44.0,45.0,23.0,30.0,51.0,38.0,23.0,6.0,0.0,89.0,0.0,21.0,65.0,8.0,116.0
NPA47,NPA,47,Cascadia,234.7,42.0,231.1,41.8,245.6,42.1,86.0,1,SS,-999,JUAN_DE_FUCA,NORTH_AMERICA,DEF_OREGON,Mazzotti et al. (2002),31.0,38.0,48.0,21.0,26.0,46.0,40.0,20.0,6.0,0.0,86.0,0.0,24.0,64.0,6.0,78.0
NPA5,NPA,5,Kurils,145.5,41.5,147.8,39.4,137.7,47.4,318.5,1,SS,-999,PACIFIC,OKHOTSK,DEF_KURIL_FOREARC,Demets (1992),91.0,293.0,26.0,82.0,87.0,297.0,21.0,81.0,9.0,232.0,87.0,1.0,22.0,33.0,130.0,4840.0
NPA6,NPA,6,Kurils,147.0,42.2,149.1,40.0,139.8,48.5,324.0,1,SS,-999,PACIFIC,OKHOTSK,DEF_KURIL_FOREARC,Demets (1992),91.0,293.0,31.0,78.0,87.0,298.0,26.0,78.0,9.0,235.0,89.0,0.0,23.0,35.0,126.0,4739.0
NPA7,NPA,7,Kurils,149.0,43.5,151.4,41.4,140.8,49.3,318.9,2,SS,-999,PACIFIC,OKHOTSK,DEF_KURIL_FOREARC,Demets (1992),90.0,295.0,24.0,82.0,86.0,299.0,19.0,81.0,9.0,235.0,90.0,0.0,25.0,39.0,120.0,5112.0
NPA8,NPA,8,Kurils,151.0,44.4,152.9,42.1,144.4,51.2,329.4,2,SS,-999,PACIFIC,OKHOTSK,DEF_KURIL_FOREARC,Demets (1992),89.0,296.0,34.0,74.0,86.0,301.0,29.0,75.0,9.0,235.0,94.0,-1.0,26.0,43.0,117.0,4916.0
NPA9,NPA,9,Kurils,153.0,45.3,155.5,43.3,144.4,51.0,318.3,2,SS,-999,PACIFIC,OKHOTSK,DEF_KURIL_FOREARC,Demets (1992),89.0,297.0,22.0,82.0,85.0,302.0,16.0,81.0,9.0,235.0,83.0,1.0,25.0,44.0,116.0,5249.0
SAM1,SAM,1,Central America,254.5,19.1,252.2,17.5,261.7,23.6,54.9,1,E,-999,RIVERA,NORTH_AMERICA,DEF_JALISCO,Selvans et al. (2010),31.0,38.0,17.0,30.0,33.0,38.0,17.0,32.0,3.0,225.0,170.0,-3.0,30.0,50.0,10.0,203.0
SAM10,SAM,10,Central America,272.0,11.4,270.6,9.1,276.5,18.2,32.0,1,SS-E,-999,COCOS,CARIBBEAN,CENTRAL AMERICAN FOREARC,"Carvajal-Soto et al., (2020)",74.0,22.0,10.0,72.0,75.0,29.0,3.0,75.0,9.0,287.0,105.0,-2.0,34.0,68.0,25.0,1393.0
SAM11,SAM,11,Central America,274.0,9.4,272.6,7.1,278.2,16.4,30.0,1,C-SS,-999,COCOS,CARIBBEAN,PANAMA,Argus et al. (2011),77.0,23.0,7.0,76.0,67.0,27.0,3.0,67.0,11.0,359.0,31.0,9.0,32.0,67.0,19.0,923.0
SAM12,SAM,12,Central America,276.0,8.4,274.7,6.0,280.1,15.4,29.0,1,C-SS,-999,COCOS,CARIBBEAN,PANAMA,Argus et al. (2011),80.0,24.0,5.0,79.0,70.0,28.0,1.0,70.0,11.0,359.0,30.0,10.0,36.0,58.0,16.0,804.0
SAM13,SAM,13,Panama,279.0,10.0,277.9,12.5,282.2,2.5,157.0,1,SS-E,-999,CARIBBEAN,NAZCA,PANAMA,Argus et al. (2011),35.0,248.0,91.0,-1.0,11.0,180.0,23.0,10.0,33.0,267.0,110.0,-11.0,-999.0,-999.0,-999.0,-999.0
SAM14,SAM,14,Panama,280.5,10.5,280.2,13.2,281.5,2.5,173.0,1,SS,-999,CARIBBEAN,NAZCA,PANAMA,Argus et al. (2011),35.0,247.0,74.0,10.0,11.0,180.0,7.0,11.0,33.0,266.0,92.0,-1.0,-999.0,-999.0,-999.0,-999.0
SAM15,SAM,15,Panama,282.0,10.4,283.8,12.5,276.8,4.2,220.0,1,C-SS,-999,CARIBBEAN,NAZCA,PANAMA,Argus et al. (2011),36.0,246.0,26.0,32.0,11.0,180.0,40.0,9.0,33.0,264.0,34.0,27.0,-999.0,-999.0,130.0,-999.0
SAM16,SAM,16,Venezuela,283.5,10.0,280.4,10.7,290.9,7.8,105.0,1,C-SS,-999,CARIBBEAN,SOUTH_AMERICA,NORTH ANDES,Jarrin et al. (2023),20.0,89.0,16.0,19.0,3.0,95.0,10.0,3.0,17.0,88.0,18.0,16.0,-999.0,-999.0,131.0,-999.0
SAM17,SAM,17,Venezuela,285.0,12.2,283.0,14.1,290.7,6.4,135.0,1,SS-C,-999,CARIBBEAN,SOUTH_AMERICA,NORTH ANDES,Jarrin et al. (2023),19.0,87.0,48.0,13.0,4.0,149.0,14.0,4.0,18.0,75.0,61.0,9.0,-999.0,-999.0,-999.0,-999.0
SAM18,SAM,18,Venezuela,287.0,13.4,285.6,15.7,291.2,6.4,149.0,1,SS-C,-999,CARIBBEAN,SOUTH_AMERICA,NORTH ANDES,Jarrin et al. (2023),19.0,85.0,64.0,8.0,2.0,131.0,18.0,2.0,18.0,82.0,68.0,7.0,-999.0,-999.0,144.0,-999.0
SAM19,SAM,19,Venezuela,289.0,13.8,289.0,16.5,289.1,5.7,179.0,1,SS,-999,CARIBBEAN,SOUTH_AMERICA,NORTH ANDES,Jarrin et al. (2023),19.0,84.0,95.0,-2.0,1.0,90.0,89.0,0.0,18.0,83.0,96.0,-2.0,-999.0,-999.0,149.0,-999.0
SAM2,SAM,2,Central America,256.0,17.9,254.3,15.7,261.3,24.3,37.4,1,SS-E,-999,COCOS,NORTH_AMERICA,SOUTHERN MEXICO,"Andreani et al., (2008)",59.0,32.0,5.0,59.0,65.0,23.0,14.0,63.0,11.0,149.0,112.0,-4.0,34.0,51.0,3.0,126.0
SAM20,SAM,20,Venezuela,291.0,13.5,291.0,16.2,291.0,5.4,180.0,1,SS,-999,CARIBBEAN,SOUTH_AMERICA,NORTH ANDES,Jarrin et al. (2023),19.0,82.0,98.0,-3.0,2.0,48.0,133.0,-1.0,18.0,85.0,95.0,-2.0,-999.0,-999.0,149.0,-999.0
SAM21,SAM,21,Venezuela,293.0,13.1,293.2,15.8,292.3,5.0,185.0,1,SS,-999,CARIBBEAN,SOUTH_AMERICA,NORTH ANDES,Jarrin et al. (2023),19.0,80.0,105.0,-5.0,3.0,33.0,152.0,-2.0,18.0,86.0,99.0,-3.0,-999.0,-999.0,150.0,-999.0
SAM22,SAM,22,Muertos,290.0,17.3,289.1,14.7,292.9,24.9,19.0,1,SS-C,-999,CARIBBEAN,NORTH_AMERICA,HISPANIOLA,Calais et al. (2023),20.0,73.0,54.0,12.0,7.0,41.0,22.0,6.0,15.0,88.0,69.0,5.0,-999.0,-999.0,146.0,-999.0
SAM23,SAM,23,Muertos,292.0,17.2,291.8,14.5,292.6,25.3,4.0,1,SS-C,-999,CARIBBEAN,NORTH_AMERICA,PUERTO-RICO,Calais et al. (2023),20.0,73.0,69.0,7.0,3.0,45.0,41.0,2.0,18.0,77.0,73.0,5.0,-999.0,-999.0,145.0,-999.0
SAM24,SAM,24,Muertos,294.0,17.2,293.9,14.5,294.3,25.3,2.0,1,SS-C,-999,CARIBBEAN,NORTH_AMERICA,PUERTO-RICO,Calais et al. (2023),20.0,73.0,71.0,6.0,2.0,72.0,70.0,1.0,18.0,73.0,71.0,6.0,-999.0,-999.0,150.0,-999.0
SAM25,SAM,25,Hispaniola,290.0,20.0,290.7,22.6,288.0,12.1,194.0,1,SS-C,-999,NORTH_AMERICA,CARIBBEAN,NORTH HISPANIOLA,Calais et al. (2023),20.0,253.0,59.0,10.0,2.0,261.0,67.0,1.0,18.0,252.0,58.0,9.0,31.0,-999.0,-999.0,-999.0
SAM26,SAM,26,Puerto-Rico,292.0,19.6,291.8,22.4,292.6,11.6,176.0,1,SS-C,-999,NORTH_AMERICA,CARIBBEAN,NORTH HISPANIOLA,Calais et al. (2023),20.0,253.0,77.0,4.0,16.0,256.0,80.0,3.0,4.0,242.0,66.0,2.0,36.0,59.0,117.0,254.0
SAM27,SAM,27,Puerto-Rico,294.0,19.8,293.8,22.5,294.6,11.7,176.0,1,SS,-999,NORTH_AMERICA,CARIBBEAN,PUERTO-RICO,Calais et al. (2023),20.0,253.0,77.0,4.0,16.0,251.0,75.0,4.0,4.0,260.0,84.0,0.0,28.0,49.0,109.0,267.0
SAM28,SAM,28,Antilles,296.0,19.8,296.3,22.5,295.3,11.7,185.0,2,SS,-999,NORTH_AMERICA,CARIBBEAN,PUERTO-RICO,Calais et al. (2023),20.0,253.0,68.0,7.0,17.0,247.0,62.0,8.0,4.0,280.0,95.0,0.0,26.0,49.0,98.0,468.0
SAM29,SAM,29,Antilles,298.0,19.3,299.2,21.7,294.5,11.9,205.0,2,Neutral,-999,NORTH_AMERICA,CARIBBEAN,-999,-999,20.0,253.0,48.0,13.0,20.0,253.0,48.0,13.0,0.0,-999.0,-999.0,0.0,23.0,47.0,89.0,649.0
SAM3,SAM,3,Central America,258.0,16.9,256.8,14.4,261.7,24.2,25.0,1,SS-E,-999,COCOS,NORTH_AMERICA,SOUTHERN MEXICO,"Andreani et al., (2008)",63.0,32.0,7.0,63.0,67.0,24.0,1.0,67.0,10.0,141.0,116.0,-5.0,28.0,72.0,6.0,286.0
SAM30,SAM,30,Antilles,299.8,18.0,302.0,19.7,293.5,12.7,230.0,2,Neutral,-999,NORTH_AMERICA,CARIBBEAN,-999,-999,20.0,253.0,23.0,18.0,20.0,253.0,23.0,18.0,0.0,-999.0,-999.0,0.0,21.0,48.0,80.0,793.0
SAM31,SAM,31,Antilles,301.2,16.0,303.8,16.9,293.4,13.1,250.0,2,Neutral,-999,NORTH_AMERICA,CARIBBEAN,-999,-999,20.0,253.0,3.0,20.0,20.0,253.0,3.0,20.0,0.0,-999.0,-999.0,0.0,22.0,44.0,81.0,866.0
SAM32,SAM,32,Antilles,302.3,14.0,304.9,14.9,294.5,11.2,251.0,2,Neutral,-999,SOUTH_AMERICA,CARIBBEAN,-999,-999,20.0,253.0,2.0,20.0,20.0,253.0,2.0,20.0,0.0,-999.0,-999.0,0.0,16.0,45.0,85.0,835.0
SAM33,SAM,33,Antilles,302.6,12.0,305.3,11.6,294.4,13.0,278.0,2,Neutral,-999,SOUTH_AMERICA,CARIBBEAN,-999,-999,20.0,253.0,25.0,18.0,20.0,253.0,25.0,18.0,0.0,-999.0,-999.0,0.0,13.0,44.0,93.0,770.0
SAM34,SAM,34,Andean,281.9,5.0,279.4,6.0,289.3,1.8,113.0,1,SS-C,-999,NAZCA,SOUTH_AMERICA,NORTH ANDES,Jarrin et al. (2023),59.0,76.0,37.0,47.0,51.0,77.0,36.0,41.0,8.0,67.0,46.0,6.0,26.0,41.0,14.0,314.0
SAM35,SAM,35,Andean,280.9,3.5,278.6,4.8,287.9,-1.4,120.0,1,SS-C,-999,NAZCA,SOUTH_AMERICA,NORTH ANDES,Jarrin et al. (2023),60.0,77.0,43.0,43.0,52.0,78.0,42.0,38.0,8.0,67.0,53.0,5.0,26.0,39.0,12.0,243.0
SAM36,SAM,36,Andean,279.9,2.0,277.5,3.1,287.2,-1.4,115.0,1,SS-C,-999,NAZCA,SOUTH_AMERICA,NORTH ANDES,Jarrin et al. (2023),61.0,77.0,38.0,48.0,52.0,79.0,36.0,42.0,8.0,68.0,47.0,6.0,24.0,34.0,12.0,243.0
SAM37,SAM,37,Andean,279.0,0.0,276.4,0.8,286.7,-2.4,107.0,1,C-SS,-999,NAZCA,SOUTH_AMERICA,NORTH ANDES,Jarrin et al. (2023),62.0,78.0,29.0,54.0,54.0,80.0,27.0,48.0,8.0,69.0,38.0,7.0,21.0,34.0,16.0,352.0
SAM38,SAM,38,Andean,278.5,-2.0,275.9,-1.4,286.4,-3.7,102.0,1,C-SS,-999,NAZCA,SOUTH_AMERICA,NORTH ANDES,Jarrin et al. (2023),63.0,79.0,23.0,58.0,55.0,81.0,21.0,51.0,8.0,69.0,33.0,7.0,16.0,52.0,23.0,624.0
SAM39,SAM,39,Andean,278.1,-4.0,275.4,-3.9,286.2,-4.1,91.0,1,C-SS,-999,NAZCA,SOUTH_AMERICA,NORTH ANDES,Jarrin et al. (2023),64.0,79.0,12.0,63.0,56.0,81.0,10.0,55.0,9.0,69.0,22.0,8.0,10.0,52.0,30.0,793.0
SAM4,SAM,4,Central America,260.0,16.3,258.6,13.9,264.4,23.3,30.4,1,SS-E,-999,COCOS,NORTH_AMERICA,SOUTHERN MEXICO,"Andreani et al., (2008)",67.0,32.0,2.0,67.0,69.0,24.0,6.0,69.0,10.0,133.0,103.0,-2.0,17.0,67.0,8.0,335.0
SAM40,SAM,40,Andean,278.1,-5.5,275.4,-5.8,286.2,-4.5,82.9,1,SS-C,-999,NAZCA,SOUTH_AMERICA,PERU,Jarrin et al. (2023),65.0,80.0,3.0,65.0,62.0,76.0,7.0,62.0,5.0,130.0,47.0,3.0,10.0,50.0,30.0,874.0
SAM41,SAM,41,Andean,278.4,-7.0,275.8,-7.9,286.1,-4.3,71.4,1,SS-C,-999,NAZCA,SOUTH_AMERICA,PERU,Villegas-Lanza et al. (2016),66.0,80.0,8.0,66.0,64.0,77.0,6.0,64.0,4.0,133.0,62.0,2.0,10.0,50.0,29.0,872.0
SAM42,SAM,42,Andean,279.2,-9.0,276.7,-10.2,286.5,-5.4,64.0,1,SS-C,-999,NAZCA,SOUTH_AMERICA,PERU,Villegas-Lanza et al. (2016),67.0,79.0,15.0,65.0,65.0,76.0,12.0,63.0,4.0,128.0,64.0,2.0,10.0,48.0,29.0,837.0
SAM43,SAM,43,Andean,280.4,-11.0,278.0,-12.4,287.4,-6.8,58.9,1,SS-C,-999,NAZCA,SOUTH_AMERICA,PERU,Villegas-Lanza et al. (2016),68.0,79.0,20.0,64.0,65.0,76.0,17.0,63.0,5.0,123.0,64.0,2.0,11.0,47.0,41.0,1191.0
SAM44,SAM,44,Andean,281.7,-13.0,279.4,-14.5,288.5,-8.4,55.5,1,SS-C,-999,NAZCA,SOUTH_AMERICA,PERU,Villegas-Lanza et al. (2016),70.0,78.0,23.0,64.0,66.0,76.0,20.0,62.0,5.0,118.0,62.0,2.0,11.0,47.0,43.0,1229.0
SAM45,SAM,45,Andean,283.4,-15.0,281.2,-16.7,289.7,-9.7,50.0,1,SS-C,-999,NAZCA,SOUTH_AMERICA,PERU,Villegas-Lanza et al. (2016),70.0,77.0,27.0,63.0,67.0,75.0,25.0,60.0,5.0,112.0,62.0,2.0,11.0,52.0,45.0,1321.0
SAM46,SAM,46,Andean,285.9,-17.0,284.1,-19.1,291.0,-10.6,37.8,1,C-SS,-999,NAZCA,SOUTH_AMERICA,ALTIPLANO,Argus et al. (2011),71.0,76.0,38.0,56.0,60.0,75.0,38.0,47.0,12.0,79.0,41.0,9.0,16.0,54.0,46.0,1173.0
SAM47,SAM,47,Andean,288.0,-19.0,285.6,-20.5,294.9,-14.3,56.4,1,C,-999,NAZCA,SOUTH_AMERICA,ALTIPLANO,Argus et al. (2011),72.0,75.0,19.0,68.0,59.0,75.0,19.0,56.0,14.0,73.0,17.0,13.0,20.0,39.0,53.0,1441.0
SAM48,SAM,48,Andean,288.7,-21.0,285.8,-21.2,297.3,-19.9,84.4,1,C,-999,NAZCA,SOUTH_AMERICA,ALTIPLANO,Argus et al. (2011),73.0,75.0,10.0,72.0,58.0,75.0,9.0,57.0,15.0,73.0,11.0,15.0,18.0,37.0,53.0,1376.0
SAM49,SAM,49,Andean,288.7,-23.0,285.8,-22.7,297.5,-23.5,94.7,1,SS-C,-999,NAZCA,SOUTH_AMERICA,CENTRAL ANDES,Brooks et al. (2003),73.0,75.0,20.0,69.0,72.0,71.0,24.0,65.0,5.0,35.0,60.0,3.0,16.0,41.0,51.0,1544.0
SAM5,SAM,5,Central America,262.0,15.6,261.1,13.0,264.7,23.3,17.8,1,SS-E,-999,COCOS,NORTH_AMERICA,SOUTHERN MEXICO,"Andreani et al., (2008)",70.0,32.0,14.0,68.0,71.0,25.0,7.0,71.0,9.0,123.0,106.0,-2.0,19.0,61.0,12.0,511.0
SAM50,SAM,50,Andean,288.6,-25.0,285.6,-24.8,297.5,-25.1,93.3,1,SS-C,-999,NAZCA,SOUTH_AMERICA,CENTRAL ANDES,Brooks et al. (2003),74.0,75.0,18.0,70.0,72.0,71.0,22.0,66.0,5.0,40.0,54.0,3.0,15.0,42.0,47.0,1439.0
SAM51,SAM,51,Andean,288.3,-27.0,285.3,-26.4,297.3,-28.2,101.1,1,SS-C,-999,NAZCA,SOUTH_AMERICA,CENTRAL ANDES,Brooks et al. (2003),74.0,75.0,26.0,66.0,72.0,71.0,30.0,62.0,5.0,45.0,56.0,3.0,14.0,42.0,46.0,1299.0
SAM52,SAM,52,Andean,287.7,-29.0,284.7,-28.5,296.9,-29.9,99.4,1,SS-C,-999,NAZCA,SOUTH_AMERICA,CENTRAL ANDES,Brooks et al. (2003),74.0,76.0,24.0,68.0,72.0,71.0,28.0,63.0,5.0,52.0,47.0,3.0,11.0,44.0,45.0,1255.0
SAM53,SAM,53,Andean,287.5,-30.5,284.4,-30.3,296.9,-30.7,94.3,1,C-SS,-999,NAZCA,SOUTH_AMERICA,CENTRAL ANDES,Brooks et al. (2003),74.0,76.0,19.0,70.0,71.0,72.0,23.0,66.0,5.0,57.0,38.0,4.0,12.0,42.0,40.0,1158.0
SAM54,SAM,54,Andean,287.4,-32.0,284.2,-31.7,297.0,-32.3,94.8,1,C-SS,-999,NAZCA,SOUTH_AMERICA,CENTRAL ANDES,Brooks et al. (2003),74.0,76.0,19.0,70.0,71.0,72.0,23.0,65.0,5.0,61.0,34.0,4.0,16.0,37.0,39.0,1112.0
SAM55,SAM,55,Andean,286.9,-34.0,283.9,-32.9,296.2,-36.8,113.3,1,SS-C,-999,NAZCA,SOUTH_AMERICA,CENTRAL ANDES,Brooks et al. (2003),74.0,76.0,37.0,59.0,71.0,72.0,42.0,53.0,5.0,68.0,46.0,3.0,22.0,33.0,36.0,877.0
SAM56,SAM,56,Andean,286.2,-35.5,283.3,-34.2,295.4,-39.0,118.4,1,C-SS,-999,NAZCA,SOUTH_AMERICA,CENTRAL ANDES,Brooks et al. (2003),74.0,76.0,42.0,55.0,71.0,72.0,47.0,49.0,5.0,74.0,44.0,4.0,20.0,43.0,34.0,853.0
SAM57,SAM,57,Andean,285.4,-37.0,282.2,-36.3,295.4,-38.7,105.0,1,Undefined,-999,NAZCA,SOUTH_AMERICA,-999,-999,74.0,77.0,28.0,65.0,74.0,77.0,28.0,65.0,-999.0,-999.0,-999.0,-999.0,20.0,44.0,32.0,1078.0
SAM58,SAM,58,Andean,284.9,-39.0,281.5,-38.5,295.3,-39.8,99.0,1,Undefined,-999,NAZCA,SOUTH_AMERICA,-999,-999,74.0,77.0,22.0,68.0,74.0,77.0,22.0,68.0,-999.0,-999.0,-999.0,-999.0,22.0,44.0,29.0,1054.0
SAM59,SAM,59,Andean,284.7,-41.0,281.2,-40.6,295.5,-41.5,97.0,1,SS,-999,NAZCA,SOUTH_AMERICA,DEF_SOUTH_ANDES,"Wang et al., (2007)",73.0,77.0,20.0,69.0,72.0,80.0,17.0,69.0,4.0,4.0,93.0,0.0,23.0,41.0,23.0,831.0
SAM6,SAM,6,Central America,264.0,15.3,263.5,12.6,265.5,23.3,9.7,1,SS-E,-999,COCOS,NORTH_AMERICA,SOUTHERN MEXICO,"Andreani et al., (2008)",73.0,32.0,22.0,68.0,73.0,25.0,15.0,70.0,9.0,113.0,104.0,-2.0,22.0,38.0,14.0,485.0
SAM60,SAM,60,Andean,284.5,-43.0,280.8,-42.7,295.6,-43.2,95.0,1,SS,-999,NAZCA,SOUTH_AMERICA,DEF_SOUTH_ANDES,"Wang et al., (2007)",73.0,77.0,18.0,69.0,71.0,82.0,13.0,70.0,7.0,4.0,91.0,0.0,24.0,36.0,13.0,453.0
SAM61,SAM,61,Andean,283.9,-45.0,280.1,-44.7,295.4,-45.1,95.0,1,SS,-999,NAZCA,SOUTH_AMERICA,DEF_SOUTH_ANDES,"Wang et al., (2007)",73.0,77.0,18.0,69.0,70.0,83.0,12.0,69.0,7.0,10.0,85.0,1.0,12.0,-999.0,3.0,-999.0
SAM62,SAM,62,Andean,283.8,-47.0,279.9,-46.6,295.7,-47.5,98.0,1,SS-C,-999,ANTARCTICA,SOUTH_AMERICA,DEF_SOUTH_ANDES,"Wang et al., (2007)",20.0,87.0,11.0,20.0,18.0,107.0,9.0,18.0,7.0,25.0,73.0,2.0,-999.0,-999.0,8.0,-999.0
SAM63,SAM,63,Andean,282.8,-49.0,278.8,-48.6,295.2,-49.5,98.0,1,Neutral,-999,ANTARCTICA,SOUTH_AMERICA,-999,-999,19.0,87.0,11.0,19.0,19.0,87.0,11.0,19.0,0.0,-999.0,-999.0,0.0,-999.0,-999.0,13.0,-999.0
SAM64,SAM,64,Andean,283.3,-51.0,279.0,-51.4,295.5,-48.9,80.0,1,Neutral,-999,ANTARCTICA,SOUTH_AMERICA,-999,-999,19.0,87.0,7.0,18.0,19.0,87.0,7.0,18.0,0.0,-999.0,-999.0,0.0,-999.0,-999.0,14.0,-999.0
SAM65,SAM,65,Andean,283.9,-53.0,279.4,-53.0,297.2,-52.1,89.0,1,Undefined,-999,ANTARCTICA,SOUTH_AMERICA,-999,-999,18.0,87.0,2.0,18.0,18.0,87.0,2.0,18.0,-999.0,-999.0,-999.0,-999.0,-999.0,-999.0,16.0,-999.0
SAM66,SAM,66,Andean,285.7,-55.0,282.2,-56.8,294.6,-49.0,46.0,1,Undefined,-999,ANTARCTICA,SOUTH_AMERICA,-999,-999,17.0,86.0,40.0,13.0,17.0,86.0,40.0,13.0,-999.0,-999.0,-999.0,-999.0,-999.0,-999.0,19.0,-999.0
SAM67,SAM,67,Sandwich,329.0,-54.8,329.8,-52.1,325.9,-62.7,190.0,2,Neutral,-999,SOUTH_AMERICA,SCOTIA,-999,-999,9.0,247.0,57.0,5.0,9.0,247.0,57.0,5.0,0.0,-999.0,-999.0,0.0,-999.0,-999.0,80.0,-999.0
SAM68,SAM,68,Sandwich,331.0,-54.9,331.3,-52.2,329.8,-63.0,184.0,2,SS,-999,SOUTH_AMERICA,SCOTIA,SANDWICH,Argus et al. (2011),9.0,246.0,62.0,4.0,65.0,264.0,80.0,11.0,57.0,87.0,97.0,-7.0,-999.0,65.0,72.0,-999.0
SAM69,SAM,69,Sandwich,333.0,-55.1,334.9,-52.6,325.7,-62.2,205.0,2,SS-E,-999,SOUTH_AMERICA,SCOTIA,SANDWICH,Argus et al. (2011),9.0,246.0,41.0,7.0,66.0,260.0,55.0,38.0,57.0,82.0,123.0,-31.0,37.0,67.0,64.0,1851.0
SAM7,SAM,7,Central America,266.0,14.2,265.0,11.7,269.1,21.7,21.0,1,SS,-999,COCOS,NORTH_AMERICA,SOUTHERN MEXICO,"Andreani et al., (2008)",77.0,32.0,11.0,76.0,74.0,25.0,5.0,74.0,9.0,101.0,80.0,1.0,24.0,55.0,25.0,1134.0
SAM70,SAM,70,Sandwich,334.9,-56.0,338.9,-54.6,321.1,-59.3,240.0,2,E-SS,-999,SOUTH_AMERICA,SCOTIA,SANDWICH,Argus et al. (2011),8.0,245.0,5.0,8.0,68.0,257.0,17.0,65.0,60.0,79.0,161.0,-57.0,35.0,66.0,66.0,3190.0
SAM71,SAM,71,Sandwich,336.2,-58.0,341.2,-57.7,320.9,-57.8,265.0,2,E,-999,SOUTH_AMERICA,SCOTIA,SANDWICH,Argus et al. (2011),8.0,243.0,22.0,8.0,73.0,255.0,10.0,72.0,65.0,77.0,172.0,-64.0,32.0,66.0,44.0,2286.0
SAM72,SAM,72,Sandwich,335.4,-60.0,339.2,-62.0,326.5,-53.5,319.0,2,SS-E,-999,SOUTH_AMERICA,SCOTIA,SANDWICH,Argus et al. (2011),8.0,243.0,76.0,2.0,77.0,257.0,62.0,37.0,69.0,79.0,120.0,-35.0,43.0,66.0,23.0,679.0
SAM8,SAM,8,Central America,268.0,13.2,266.8,10.8,271.9,20.4,26.5,1,E-SS,-999,COCOS,CARIBBEAN,CENTRAL AMERICAN FOREARC,"Carvajal-Soto et al., (2020)",68.0,21.0,6.0,67.0,79.0,28.0,1.0,79.0,14.0,242.0,144.0,-12.0,28.0,65.0,24.0,1304.0
SAM9,SAM,9,Central America,270.0,12.3,269.0,9.8,273.2,19.8,22.2,1,SS-E,-999,COCOS,CARIBBEAN,CENTRAL AMERICAN FOREARC,"Carvajal-Soto et al., (2020)",71.0,21.0,1.0,71.0,77.0,28.0,6.0,77.0,11.0,259.0,123.0,-6.0,30.0,64.0,25.0,1346.0
SEA1,SEA,1,Andaman,92.1,14.0,89.5,15.0,99.7,10.9,112.0,1,SS-E,-999,INDIA,SUNDA,BURMA,Argus et al. (2011),43.0,17.0,95.0,-4.0,13.0,105.0,7.0,13.0,45.0,359.0,113.0,-18.0,24.0,46.0,83.0,608.0
SEA10,SEA,10,Sumatra,99.7,-4.0,97.6,-5.7,105.9,1.2,50.0,1,SS,-999,CAPRICORN,SUNDA,SUMATRA FOREARC,Bradley et al. (2017),57.0,22.0,28.0,50.0,52.0,39.0,11.0,51.0,18.0,317.0,93.0,-1.0,23.0,59.0,68.0,2164.0
SEA11,SEA,11,Sumatra,100.8,-5.5,98.7,-7.2,107.1,-0.4,50.8,1,SS,-999,CAPRICORN,SUNDA,SUMATRA FOREARC,Bradley et al. (2017),58.0,22.0,29.0,51.0,54.0,40.0,11.0,53.0,18.0,313.0,98.0,-2.0,21.0,62.0,79.0,2599.0
SEA12,SEA,12,Sumatra,102.3,-7.0,100.8,-9.2,106.8,-0.3,33.5,1,SS,-999,CAPRICORN,SUNDA,SUMATRA FOREARC,Bradley et al. (2017),59.0,22.0,11.0,58.0,57.0,40.0,6.0,56.0,18.0,308.0,85.0,1.0,19.0,60.0,91.0,3036.0
SEA13,SEA,13,Java,105.0,-8.4,103.5,-10.7,109.3,-1.5,32.4,1,SS-C,-999,AUSTRALIA,SUNDA,WEST JAVA,Koulali et al. (2017),64.0,15.0,17.0,61.0,65.0,9.0,24.0,60.0,7.0,107.0,75.0,2.0,21.0,62.0,101.0,3761.0
SEA14,SEA,14,Java,107.0,-9.7,105.8,-12.1,110.4,-2.3,24.7,1,SS-C,-999,AUSTRALIA,SUNDA,WEST JAVA,Koulali et al. (2017),66.0,15.0,9.0,65.0,65.0,9.0,16.0,62.0,8.0,95.0,71.0,3.0,20.0,58.0,106.0,3911.0
SEA15,SEA,15,Java,109.0,-10.5,108.5,-13.1,110.4,-2.5,10.0,1,SS-C,-999,AUSTRALIA,SUNDA,WEST JAVA,Koulali et al. (2017),67.0,15.0,5.0,67.0,65.0,8.0,2.0,65.0,8.0,85.0,76.0,2.0,22.0,56.0,116.0,4538.0
SEA16,SEA,16,Java,111.0,-10.4,110.5,-13.1,112.4,-2.4,10.0,1,SS,-999,AUSTRALIA,SUNDA,EAST JAVA,Koulali et al. (2016),69.0,15.0,5.0,68.0,67.0,6.0,4.0,67.0,10.0,90.0,80.0,2.0,23.0,55.0,123.0,4985.0
SEA17,SEA,17,Java,113.0,-10.7,112.6,-13.4,114.1,-2.7,8.0,1,SS-C,-999,AUSTRALIA,SUNDA,EAST JAVA,Koulali et al. (2016),70.0,14.0,6.0,69.0,66.0,6.0,2.0,65.0,11.0,77.0,69.0,4.0,22.0,54.0,128.0,4924.0
SEA18,SEA,18,Java,115.0,-11.2,114.5,-13.8,116.5,-3.3,11.4,1,SS-C,-999,AUSTRALIA,SUNDA,SUMBA,Koulali et al. (2016),71.0,14.0,2.0,71.0,64.0,358.0,14.0,62.0,20.0,74.0,63.0,9.0,21.0,58.0,131.0,4899.0
SEA19,SEA,19,Java,117.0,-11.3,117.0,-14.0,116.9,-3.2,358.7,1,SS-C,-999,AUSTRALIA,SUNDA,SUMBA,Koulali et al. (2016),72.0,13.0,14.0,70.0,55.0,357.0,2.0,55.0,25.0,52.0,54.0,15.0,21.0,60.0,134.0,4512.0
SEA2,SEA,2,Andaman,91.6,12.0,88.9,12.5,99.7,10.3,101.0,1,SS-E,-999,INDIA,SUNDA,BURMA,Argus et al. (2011),43.0,18.0,83.0,5.0,22.0,105.0,4.0,22.0,48.0,350.0,111.0,-17.0,26.0,48.0,81.0,1053.0
SEA20,SEA,20,Timor,119.0,-11.1,118.6,-13.8,120.3,-3.1,9.0,1,C-SS,-999,AUSTRALIA,SUNDA,SUMBA,Koulali et al. (2016),73.0,13.0,4.0,73.0,46.0,357.0,12.0,45.0,31.0,37.0,28.0,27.0,21.0,62.0,149.0,4162.0
SEA21,SEA,21,Timor,121.0,-12.1,121.0,-14.8,121.1,-4.0,1.0,1,C-SS,-999,AUSTRALIA,BANDA_SEA,SUMBA,Koulali et al. (2016),61.0,350.0,11.0,61.0,43.0,308.0,53.0,26.0,42.0,34.0,33.0,35.0,19.0,60.0,-999.0,-999.0
SEA22,SEA,22,Timor,123.0,-11.2,123.7,-13.8,120.9,-3.4,345.0,1,C-SS,-999,AUSTRALIA,BANDA_SEA,SUMBA,Koulali et al. (2016),52.0,352.0,27.0,52.0,27.0,286.0,59.0,14.0,48.0,23.0,38.0,38.0,25.0,62.0,-999.0,-999.0
SEA23,SEA,23,Timor,125.0,-10.2,126.0,-12.7,122.0,-2.7,338.0,1,C-SS,-999,AUSTRALIA,BANDA_SEA,TIMOR,Koulali et al. (2016),42.0,357.0,19.0,40.0,15.0,317.0,22.0,14.0,33.0,13.0,35.0,27.0,34.0,65.0,-999.0,-999.0
SEA24,SEA,24,Timor,126.5,-9.6,127.4,-12.1,123.7,-2.0,340.0,1,C-SS,-999,AUSTRALIA,BANDA_SEA,TIMOR,Koulali et al. (2016),35.0,0.0,20.0,33.0,11.0,308.0,32.0,9.0,30.0,17.0,37.0,24.0,38.0,68.0,-999.0,-999.0
SEA25,SEA,25,Timor,128.5,-9.2,129.4,-11.8,126.0,-1.5,342.0,1,C-SS,-999,AUSTRALIA,BANDA_SEA,TIMOR,Koulali et al. (2016),26.0,4.0,22.0,24.0,8.0,283.0,59.0,4.0,26.0,22.0,40.0,20.0,38.0,54.0,-999.0,-999.0
SEA26,SEA,26,Tanimbar,130.5,-8.7,131.7,-11.1,127.1,-1.4,335.0,1,SS-C,-999,AUSTRALIA,BANDA_SEA,TIMOR,Koulali et al. (2016),16.0,15.0,40.0,13.0,7.0,243.0,92.0,0.0,22.0,29.0,54.0,13.0,33.0,45.0,-999.0,-999.0
SEA27,SEA,27,Tanimbar,132.5,-7.1,135.1,-8.0,124.9,-4.3,290.0,1,SS-E,-999,AUSTRALIA,BANDA_SEA,TIMOR,Zhao et al. (2023),14.0,62.0,72.0,-9.0,4.0,193.0,97.0,-1.0,17.0,51.0,121.0,-9.0,31.0,45.0,-999.0,-999.0
SEA28,SEA,28,Aru,133.0,-5.2,136.5,-4.9,125.7,-5.1,269.0,1,Undefined,-999,AUSTRALIA,BANDA_SEA,SERAM,Rangin et al. (1999),-999.0,-999.0,-999.0,-999.0,41.0,42.0,133.0,-28.0,-999.0,-999.0,-999.0,-999.0,26.0,45.0,-999.0,-999.0
SEA29,SEA,29,Flores,118.0,-7.9,117.8,-5.2,118.7,-16.0,175.0,1,C-SS,-999,SUNDA,AUSTRALIA,SUMBA,Koulali et al. (2016),72.0,192.0,23.0,69.0,20.0,188.0,13.0,20.0,52.0,193.0,18.0,49.0,-999.0,-999.0,-999.0,-999.0
SEA3,SEA,3,Andaman,91.4,10.0,88.7,10.3,99.5,8.9,97.0,1,SS-E,-999,INDIA,SUNDA,BURMA,Argus et al. (2011),43.0,19.0,78.0,9.0,31.0,102.0,5.0,31.0,50.0,341.0,116.0,-22.0,26.0,49.0,77.0,1424.0
SEA30,SEA,30,Flores,120.0,-7.8,120.1,-5.1,119.7,-15.9,182.0,1,C-SS,-999,SUNDA,AUSTRALIA,SUMBA,Koulali et al. (2016),73.0,191.0,9.0,72.0,30.0,185.0,3.0,30.0,44.0,196.0,14.0,42.0,-999.0,-999.0,-999.0,-999.0
SEA31,SEA,31,Wetar,126.0,-7.5,125.3,-4.9,128.2,-15.3,165.0,1,SS-C,-999,BANDA_SEA,AUSTRALIA,TIMOR,Koulali et al. (2016),39.0,195.0,30.0,33.0,43.0,217.0,52.0,27.0,16.0,100.0,65.0,7.0,-999.0,-999.0,-999.0,-999.0
SEA32,SEA,32,Seram,132.0,-3.4,133.7,-1.3,126.7,-9.6,220.0,1,SS,-999,BIRDS_HEAD,BANDA_SEA,DEF_SERAM,Rangin et al. (1999),64.0,257.0,37.0,51.0,75.0,270.0,50.0,48.0,19.0,139.0,81.0,3.0,27.0,42.0,-999.0,-999.0
SEA33,SEA,33,Seram,130.0,-2.4,130.4,-0.0,128.9,-10.7,188.0,1,SS-C,-999,BIRDS_HEAD,BANDA_SEA,DEF_SERAM,Rangin et al. (1999),60.0,264.0,76.0,15.0,75.0,270.0,82.0,10.0,17.0,112.0,76.0,4.0,33.0,44.0,-999.0,-999.0
SEA34,SEA,34,Seram,128.0,-2.4,127.8,0.3,128.6,-10.5,176.0,1,SS,-999,BIRDS_HEAD,BANDA_SEA,DEF_SERAM,Rangin et al. (1999),59.0,271.0,95.0,-5.0,75.0,270.0,94.0,-5.0,16.0,86.0,90.0,0.0,36.0,52.0,-999.0,-999.0
SEA35,SEA,35,Halmahera,126.8,0.0,124.1,0.3,134.8,-1.0,97.0,1,Undefined,-999,SULA BLOCK,-999,UNDEF_HALMAHERA_ARC,Rangin et al. (1999),-999.0,-999.0,-999.0,-999.0,45.0,80.0,17.0,43.0,-999.0,-999.0,-999.0,-999.0,37.0,57.0,43.0,1332.0
SEA36,SEA,36,Halmahera,127.3,2.0,124.9,3.2,134.5,-1.7,117.0,1,Undefined,-999,SULA BLOCK,-999,UNDEF_HALMAHERA_ARC,Rangin et al. (1999),-999.0,-999.0,-999.0,-999.0,45.0,80.0,37.0,36.0,-999.0,-999.0,-999.0,-999.0,44.0,55.0,43.0,1172.0
SEA37,SEA,37,North Sulawesi,123.0,2.0,122.5,4.7,124.4,-6.0,170.0,1,SS-C,-999,SUNDA,MOLUCCA_SEA,DEF_MANADO ,Socquet et al. (2006),21.0,178.0,8.0,21.0,18.0,158.0,12.0,18.0,7.0,234.0,64.0,3.0,28.0,0.0,35.0,148.0
SEA38,SEA,38,North Sulawesi,121.0,2.3,121.5,5.0,119.6,-5.7,190.0,1,SS,-999,SUNDA,MOLUCCA_SEA,DEF_NORTH_SULA,Socquet et al. (2006),34.0,182.0,8.0,34.0,37.0,167.0,23.0,34.0,10.0,282.0,92.0,0.0,28.0,0.0,40.0,319.0
SEA39,SEA,39,Sangihe,126.4,1.0,128.8,-0.3,119.2,4.8,298.0,1,Undefined,-999,SULA BLOCK,-999,UNDEF_SANGIHE_ARC,Rangin et al. (1999),-999.0,-999.0,-999.0,-999.0,47.0,304.0,6.0,47.0,-999.0,-999.0,-999.0,-999.0,27.0,49.0,43.0,1221.0
SEA4,SEA,4,Andaman,91.7,8.0,89.0,7.4,99.7,9.7,77.0,1,SS-E,-999,INDIA,SUNDA,BURMA,Argus et al. (2011),44.0,20.0,57.0,24.0,39.0,98.0,21.0,37.0,52.0,332.0,105.0,-13.0,26.0,51.0,73.0,1642.0
SEA40,SEA,40,Sangihe,127.0,3.0,129.7,2.5,119.0,4.5,281.0,1,Undefined,-999,SULA BLOCK,-999,UNDEF_SANGIHE_ARC,Rangin et al. (1999),-999.0,-999.0,-999.0,-999.0,47.0,304.0,23.0,43.0,-999.0,-999.0,-999.0,-999.0,27.0,53.0,43.0,1158.0
SEA41,SEA,41,Sangihe,126.6,5.0,129.3,5.1,118.5,4.7,268.0,1,Undefined,-999,SULA BLOCK,-999,UNDEF_SANGIHE_ARC,Rangin et al. (1999),-999.0,-999.0,-999.0,-999.0,47.0,304.0,36.0,38.0,-999.0,-999.0,-999.0,-999.0,35.0,57.0,43.0,1154.0
SEA42,SEA,42,Philippines,128.6,4.0,131.1,5.1,121.2,0.7,246.0,1,Undefined,-999,PHILIPPINE_SEA,-999,UNDEF_SOUTH_PHILIPPINES,Rangin et al. (1999),-999.0,-999.0,-999.0,-999.0,23.0,270.0,24.0,21.0,-999.0,-999.0,-999.0,-999.0,38.0,0.0,-999.0,-999.0
SEA43,SEA,43,Philippines,127.4,6.0,129.9,7.0,119.9,2.8,247.3,1,Undefined,-999,PHILIPPINE_SEA,-999,UNDEF_SOUTH_PHILIPPINES,Rangin et al. (1999),-999.0,-999.0,-999.0,-999.0,30.0,271.0,24.0,27.0,-999.0,-999.0,-999.0,-999.0,47.0,61.0,-999.0,-999.0
SEA44,SEA,44,Philippines,127.3,8.0,130.0,8.1,119.1,7.5,267.0,1,C-SS,-999,PHILIPPINE_SEA,SUNDA,DEF_EAST_PHILIPPINES,Rangin et al. (1999),103.0,294.0,27.0,92.0,36.0,272.0,5.0,36.0,71.0,305.0,38.0,56.0,45.0,65.0,50.0,1452.0
SEA45,SEA,45,Philippines,126.8,10.0,129.4,10.8,119.0,7.5,252.8,1,SS-C,-999,PHILIPPINE_SEA,SUNDA,DEF_EAST_PHILIPPINES,Rangin et al. (1999),101.0,295.0,42.0,75.0,34.0,274.0,21.0,32.0,70.0,305.0,52.0,43.0,40.0,61.0,50.0,1214.0
SEA46,SEA,46,Philippines,126.2,12.0,128.7,13.0,118.7,8.7,247.4,1,SS-C,-999,PHILIPPINE_SEA,SUNDA,DEF_EAST_PHILIPPINES,Rangin et al. (1999),99.0,295.0,48.0,66.0,47.0,276.0,29.0,41.0,57.0,311.0,63.0,25.0,36.0,63.0,50.0,1516.0
SEA47,SEA,47,Philippines,125.2,14.0,127.8,15.0,117.6,10.9,248.0,1,SS-C,-999,PHILIPPINE_SEA,SUNDA,DEF_LUZON,Hsu YJ (pers. comm. 2023),98.0,296.0,48.0,65.0,24.0,255.0,7.0,24.0,81.0,307.0,60.0,41.0,33.0,53.0,45.0,725.0
SEA48,SEA,48,Philippines,123.5,15.6,124.7,18.0,120.1,8.2,205.0,1,Undefined,-999,PHILIPPINE_SEA,SUNDA,-999,-999,97.0,298.0,93.0,-4.0,97.0,298.0,93.0,-4.0,-999.0,-999.0,-999.0,-999.0,40.0,-999.0,36.0,-999.0
SEA49,SEA,49,Cotobato,125.2,4.5,122.5,4.4,133.3,4.7,88.0,1,Undefined,-999,SUNDA,-999,UNDEF_SANGIHE_ARC,Rangin et al. (1999),-999.0,-999.0,-999.0,-999.0,-999.0,-999.0,-999.0,-999.0,-999.0,-999.0,-999.0,-999.0,40.0,-999.0,32.0,-999.0
SEA5,SEA,5,Andaman,92.6,6.0,90.1,5.1,100.3,8.7,70.0,1,SS-E,-999,INDIA,SUNDA,BURMA,Argus et al. (2011),44.0,21.0,49.0,29.0,48.0,92.0,22.0,44.0,54.0,323.0,107.0,-16.0,24.0,59.0,62.0,1724.0
SEA50,SEA,50,Cotobato,123.8,6.5,121.6,4.9,130.4,11.3,53.0,1,Undefined,-999,SUNDA,-999,UNDEF_SANGIHE_ARC,Rangin et al. (1999),-999.0,-999.0,-999.0,-999.0,35.0,113.0,60.0,17.0,-999.0,-999.0,-999.0,-999.0,33.0,-999.0,46.0,-999.0
SEA51,SEA,51,Sulu,121.7,10.0,119.0,10.1,129.9,9.6,92.0,1,C-SS,-999,SUNDA,PHILIPPINE_SEA,DEF_VISAYAS,Simons et al. (2007),103.0,117.0,25.0,94.0,53.0,101.0,9.0,52.0,54.0,133.0,41.0,41.0,-999.0,-999.0,-999.0,-999.0
SEA52,SEA,52,Sulu,121.6,7.5,119.3,9.0,128.3,2.9,124.0,1,Undefined,-999,SUNDA,-999,UNDEF_SULU ARC,Simons et al. (2007),-999.0,-999.0,-999.0,-999.0,28.0,106.0,18.0,27.0,-999.0,-999.0,-999.0,-999.0,-999.0,-999.0,12.0,-999.0
SEA53,SEA,53,Sulu,119.7,6.5,117.6,8.1,126.1,1.5,128.0,1,Undefined,-999,SUNDA,-999,UNDEF_SULU ARC,Simons et al. (2007),-999.0,-999.0,-999.0,-999.0,11.0,114.0,14.0,11.0,-999.0,-999.0,-999.0,-999.0,-999.0,-999.0,12.0,-999.0
SEA54,SEA,54,Manila,119.2,14.0,116.7,12.8,126.9,17.3,65.0,1,SS-C,-999,SUNDA,PHILIPPINE_SEA,DEF_VISAYAS,Hsu YJ (pers. comm. 2023),101.0,118.0,53.0,60.0,59.0,106.0,41.0,45.0,45.0,134.0,69.0,16.0,37.0,62.0,23.0,768.0
SEA55,SEA,55,Manila,119.2,16.0,116.4,16.2,127.6,15.1,95.0,1,SS-C,-999,SUNDA,PHILIPPINE_SEA,DEF_LUZON,Hsu YJ (pers. comm. 2023),99.0,119.0,24.0,90.0,64.0,103.0,8.0,63.0,41.0,144.0,49.0,27.0,37.0,58.0,21.0,959.0
SEA56,SEA,56,Manila,119.2,17.5,116.4,17.4,127.7,17.6,88.0,1,SS-C,-999,SUNDA,PHILIPPINE_SEA,DEF_LUZON,Hsu YJ (pers. comm. 2023),97.0,120.0,32.0,83.0,77.0,106.0,18.0,73.0,29.0,160.0,72.0,9.0,33.0,55.0,22.0,1095.0
SEA57,SEA,57,Manila,119.8,19.0,117.3,20.3,127.1,14.9,119.0,1,SS-C,-999,SUNDA,PHILIPPINE_SEA,DEF_LUZON,Hsu YJ (pers. comm. 2023),95.0,120.0,1.0,95.0,85.0,108.0,11.0,83.0,21.0,176.0,57.0,12.0,31.0,55.0,25.0,1384.0
SEA58,SEA,58,Manila,120.2,20.5,117.4,19.7,128.6,22.5,74.0,2,SS,-999,SUNDA,PHILIPPINE_SEA,DEF_LUZON,Hsu YJ (pers. comm. 2023),93.0,121.0,47.0,64.0,70.0,106.0,32.0,59.0,31.0,157.0,83.0,4.0,35.0,65.0,31.0,1353.0
SEA59,SEA,59,Manila,119.9,22.5,117.2,23.5,127.8,19.3,112.0,1,C-SS,-999,YANGTZE,PHILIPPINE_SEA,DEF_TAIWAN,Hsu YJ (pers. comm. 2023),91.0,122.0,10.0,90.0,47.0,103.0,9.0,46.0,49.0,140.0,28.0,43.0,46.0,67.0,-999.0,-999.0
SEA6,SEA,6,Sumatra,93.0,4.0,90.6,2.7,100.1,7.9,60.8,1,SS-E,-999,INDIA,SUNDA,BURMA,Argus et al. (2011),45.0,22.0,39.0,35.0,56.0,90.0,29.0,49.0,57.0,316.0,105.0,-15.0,21.0,54.0,60.0,1716.0
SEA60,SEA,60,Manila,120.5,24.0,117.7,25.0,128.5,20.8,112.0,1,C-SS,-999,YANGTZE,PHILIPPINE_SEA,DEF_TAIWAN,Hsu YJ (pers. comm. 2022),89.0,122.0,10.0,88.0,35.0,121.0,9.0,35.0,54.0,123.0,11.0,53.0,-999.0,-999.0,-999.0,-999.0
SEA61,SEA,61,Ryukyus,122.5,23.2,122.0,20.5,124.1,31.1,10.0,1,SS-E,-999,PHILIPPINE_SEA,YANGTZE,YONAGUNI,Chen et al. (2022),88.0,301.0,69.0,32.0,91.0,354.0,17.0,66.0,79.0,236.0,134.0,-55.0,25.0,52.0,131.0,5234.0
SEA62,SEA,62,Ryukyus,124.0,23.2,124.7,20.6,121.6,31.0,345.0,1,E-SS,-999,PHILIPPINE_SEA,YANGTZE,OKINAWA,Argus et al. (2011),87.0,300.0,45.0,62.0,136.0,308.0,37.0,109.0,51.0,142.0,157.0,-47.0,24.0,55.0,49.0,3274.0
SEA63,SEA,63,Ryukyus,127.0,24.2,128.7,22.0,121.6,30.7,325.0,1,E,-999,PHILIPPINE_SEA,YANGTZE,OKINAWA,Argus et al. (2011),84.0,299.0,26.0,75.0,121.0,305.0,20.0,114.0,39.0,136.0,171.0,-39.0,24.0,52.0,50.0,3405.0
SEA64,SEA,64,Ryukyus,129.0,25.7,130.9,23.6,122.9,31.8,320.0,1,E,-999,PHILIPPINE_SEA,YANGTZE,OKINAWA,Argus et al. (2011),80.0,299.0,21.0,75.0,107.0,303.0,17.0,102.0,28.0,136.0,176.0,-28.0,24.0,52.0,52.0,3168.0
SEA65,SEA,65,Ryukyus,130.5,27.5,132.8,25.7,123.1,32.5,310.0,1,E-SS,-999,PHILIPPINE_SEA,YANGTZE,OKINAWA,Argus et al. (2011),76.0,299.0,11.0,75.0,92.0,304.0,6.0,92.0,18.0,142.0,168.0,-18.0,27.0,53.0,52.0,2996.0
SEA66,SEA,66,Ryukyus,132.0,29.5,134.6,28.1,123.6,33.3,300.0,1,SS-E,-999,PHILIPPINE_SEA,YANGTZE,OKINAWA,Argus et al. (2011),71.0,300.0,0.0,71.0,75.0,305.0,5.0,75.0,8.0,181.0,119.0,-4.0,26.0,53.0,-999.0,-999.0
SEA67,SEA,67,Ryukyus,133.0,31.1,135.1,29.1,126.2,36.9,317.5,1,C-SS,-999,PHILIPPINE_SEA,AMUR,SHIKOKU,Nishimura et al. (2018),64.0,301.0,16.0,61.0,45.0,309.0,8.0,45.0,20.0,285.0,33.0,17.0,27.0,46.0,25.0,660.0
SEA68,SEA,68,Nankai,134.0,31.8,135.3,29.3,129.6,39.1,335.0,1,C-SS,-999,PHILIPPINE_SEA,AMUR,SHIKOKU,Nishimura et al. (2018),62.0,301.0,34.0,52.0,41.0,309.0,27.0,37.0,22.0,288.0,47.0,15.0,20.0,67.0,22.0,514.0
SEA69,SEA,69,Nankai,135.5,32.6,136.6,30.1,131.9,40.2,340.0,1,SS-C,-999,PHILIPPINE_SEA,AMUR,CHUBU,Nishimura et al. (2018),59.0,301.0,39.0,46.0,35.0,321.0,19.0,33.0,29.0,277.0,63.0,13.0,22.0,36.0,14.0,222.0
SEA7,SEA,7,Sumatra,95.0,2.0,93.9,-0.4,98.4,9.3,25.0,1,SS-C,-999,CAPRICORN,SUNDA,SUMATRA FOREARC,Bradley et al. (2017),53.0,19.0,6.0,53.0,42.0,37.0,12.0,41.0,18.0,335.0,50.0,12.0,19.0,53.0,50.0,1152.0
SEA70,SEA,70,Nankai,137.0,33.1,137.8,30.5,134.2,40.9,345.0,1,SS-C,-999,PHILIPPINE_SEA,AMUR,CHUBU,Nishimura et al. (2018),57.0,300.0,45.0,41.0,33.0,321.0,24.0,30.0,29.0,276.0,69.0,10.0,24.0,45.0,19.0,317.0
SEA71,SEA,71,Suruga,138.5,34.1,138.6,31.4,138.1,42.2,357.5,1,SS-C,-999,PHILIPPINE_SEA,AMUR,IZU,Nishimura (2011),54.0,300.0,57.0,29.0,18.0,350.0,7.0,18.0,44.0,282.0,76.0,11.0,36.0,31.0,24.0,238.0
SEA72,SEA,72,Sagami,140.0,34.7,139.4,32.0,141.9,42.6,10.0,1,SS,-999,PHILIPPINE_SEA,OKHOTSK,KANTO,Nishimura (2011),48.0,306.0,64.0,21.0,31.0,317.0,53.0,19.0,18.0,286.0,84.0,2.0,-999.0,-999.0,-999.0,-999.0
SEA73,SEA,73,Izu-Bonin,142.1,33.0,145.3,33.4,132.7,31.4,260.9,2,E-SS,-999,PACIFIC,PHILIPPINE_SEA,IZU_BONIN_ARC,Nishimura (2011),47.0,278.0,17.0,45.0,55.0,279.0,18.0,53.0,8.0,101.0,160.0,-7.0,24.0,47.0,135.0,4072.0
SEA74,SEA,74,Izu-Bonin,142.3,31.0,145.4,31.5,133.2,29.0,258.0,2,E-SS,-999,PACIFIC,PHILIPPINE_SEA,IZU_BONIN_ARC,Nishimura (2011),44.0,279.0,21.0,41.0,50.0,280.0,22.0,46.0,6.0,108.0,150.0,-5.0,26.0,59.0,138.0,4112.0
SEA75,SEA,75,Izu-Bonin,142.9,29.0,145.9,29.8,134.3,26.2,252.3,2,SS-E,-999,PACIFIC,PHILIPPINE_SEA,IZU_BONIN_ARC,Nishimura (2011),41.0,281.0,29.0,36.0,45.0,284.0,32.0,38.0,4.0,128.0,124.0,-2.0,25.0,65.0,142.0,3585.0
SEA76,SEA,76,Izu-Bonin,143.3,27.0,146.3,26.9,134.2,27.0,272.0,2,SS-E,-999,PACIFIC,PHILIPPINE_SEA,IZU_BONIN_ARC,Nishimura (2011),39.0,283.0,11.0,38.0,40.0,287.0,15.0,38.0,3.0,168.0,104.0,-1.0,26.0,67.0,133.0,3434.0
SEA77,SEA,77,Izu-Bonin,143.2,25.0,146.2,25.2,134.4,23.9,264.0,2,SS-C,-999,PACIFIC,PHILIPPINE_SEA,IZU_BONIN_ARC,Nishimura (2011),35.0,284.0,20.0,33.0,34.0,289.0,25.0,31.0,3.0,214.0,50.0,2.0,35.0,65.0,136.0,3120.0
SEA78,SEA,78,Mariana,145.1,23.0,147.2,24.9,139.1,17.2,225.3,2,E,-999,PACIFIC,PHILIPPINE_SEA,MARIANA,Argus et al. (2011),33.0,291.0,66.0,14.0,41.0,268.0,42.0,30.0,17.0,36.0,171.0,-17.0,30.0,63.0,141.0,2942.0
SEA79,SEA,79,Mariana,146.9,21.0,149.3,22.5,140.0,16.2,235.0,2,E-SS,-999,PACIFIC,PHILIPPINE_SEA,MARIANA,Argus et al. (2011),31.0,299.0,64.0,14.0,46.0,263.0,28.0,41.0,27.0,42.0,167.0,-26.0,29.0,66.0,145.0,4157.0
SEA8,SEA,8,Sumatra,97.0,0.0,94.8,-1.5,103.7,4.5,56.0,1,SS,-999,CAPRICORN,SUNDA,SUMATRA FOREARC,Bradley et al. (2017),55.0,20.0,36.0,44.0,46.0,37.0,19.0,43.0,18.0,329.0,87.0,1.0,21.0,49.0,43.0,1029.0
SEA80,SEA,80,Mariana,147.6,19.0,150.4,19.4,139.2,17.4,260.0,2,E-SS,-999,PACIFIC,PHILIPPINE_SEA,MARIANA,Argus et al. (2011),29.0,304.0,44.0,21.0,51.0,263.0,3.0,51.0,35.0,49.0,149.0,-30.0,31.0,66.0,147.0,5355.0
SEA81,SEA,81,Mariana,147.8,17.0,150.6,16.9,139.3,17.0,271.0,2,E-SS,-999,PACIFIC,PHILIPPINE_SEA,MARIANA,Argus et al. (2011),27.0,309.0,38.0,21.0,56.0,263.0,8.0,55.0,42.0,56.0,145.0,-34.0,27.0,67.0,150.0,5670.0
SEA82,SEA,82,Mariana,147.5,15.0,150.1,14.1,139.5,17.5,289.2,2,SS-E,-999,PACIFIC,PHILIPPINE_SEA,MARIANA,Argus et al. (2011),24.0,313.0,23.0,22.0,60.0,264.0,25.0,55.0,48.0,62.0,133.0,-33.0,29.0,65.0,152.0,5815.0
SEA83,SEA,83,Mariana,146.5,13.3,148.5,11.4,140.4,18.8,314.4,2,SS-E,-999,PACIFIC,PHILIPPINE_SEA,MARIANA,Argus et al. (2011),21.0,314.0,0.0,21.0,64.0,266.0,48.0,43.0,53.0,69.0,115.0,-22.0,29.0,65.0,153.0,4576.0
SEA84,SEA,84,Mariana,144.5,12.0,145.6,9.5,141.0,19.4,335.9,2,SS-E,-999,PACIFIC,PHILIPPINE_SEA,MARIANA,Argus et al. (2011),17.0,311.0,25.0,15.0,67.0,270.0,66.0,27.0,56.0,78.0,102.0,-12.0,30.0,65.0,150.0,2848.0
SEA85,SEA,85,Mariana,142.5,11.4,143.0,8.7,141.0,19.4,350.3,2,Undefined,-999,PACIFIC,PHILIPPINE_SEA,-999,-999,14.0,303.0,47.0,9.0,14.0,303.0,47.0,9.0,-999.0,-999.0,-999.0,-999.0,32.0,58.0,148.0,918.0
SEA86,SEA,86,Mariana,140.5,10.8,140.5,8.1,140.3,18.9,359.0,2,Undefined,-999,PACIFIC,PHILIPPINE_SEA,-999,-999,11.0,291.0,68.0,4.0,11.0,291.0,68.0,4.0,-999.0,-999.0,-999.0,-999.0,-999.0,-999.0,145.0,-999.0
SEA87,SEA,87,Yap,138.6,10.0,141.2,9.1,130.8,12.7,290.0,2,Neutral,-999,PACIFIC,PHILIPPINE_SEA,-999,-999,9.0,275.0,15.0,9.0,9.0,275.0,15.0,9.0,0.0,-999.0,-999.0,0.0,-999.0,-999.0,143.0,-999.0
SEA88,SEA,88,Yap,138.0,8.6,140.2,7.0,131.2,13.1,305.0,2,Neutral,-999,CAROLINE,PHILIPPINE_SEA,-999,-999,6.0,328.0,23.0,6.0,6.0,328.0,23.0,6.0,0.0,-999.0,-999.0,0.0,-999.0,-999.0,145.0,-999.0
SEA89,SEA,89,Yap,136.0,7.3,136.1,4.6,135.7,15.4,358.0,2,Neutral,-999,CAROLINE,PHILIPPINE_SEA,-999,-999,3.0,329.0,29.0,3.0,3.0,329.0,29.0,3.0,0.0,-999.0,-999.0,0.0,-999.0,-999.0,45.0,-999.0
SEA9,SEA,9,Sumatra,98.1,-2.0,96.1,-3.8,104.0,3.5,47.3,1,SS,-999,CAPRICORN,SUNDA,SUMATRA FOREARC,Bradley et al. (2017),56.0,21.0,26.0,50.0,49.0,39.0,9.0,48.0,18.0,323.0,84.0,2.0,23.0,54.0,61.0,1756.0
SEA90,SEA,90,Palau,134.5,6.8,136.4,4.9,128.6,12.5,315.0,2,Neutral,-999,CAROLINE,PHILIPPINE_SEA,-999,-999,1.0,302.0,13.0,1.0,1.0,302.0,13.0,1.0,0.0,-999.0,-999.0,0.0,-999.0,-999.0,30.0,-999.0
SWP1,SWP,1,New Britain,148.0,-7.3,147.5,-10.0,149.4,0.7,10.0,2,SS-E,-999,SOLOMON_SEA,NORTH_BISMARCK,SOUTH_BISMARCK,Argus et al. (2011),80.0,65.0,55.0,45.0,58.0,20.0,10.0,57.0,57.0,113.0,103.0,-13.0,-999.0,70.0,30.0,-999.0
SWP10,SWP,10,New Hebrides,165.7,-12.0,163.2,-13.1,173.2,-8.6,66.0,2,Undefined,-999,AUSTRALIA,PACIFIC,-999,-999,93.0,77.0,11.0,91.0,93.0,77.0,11.0,91.0,-999.0,-999.0,-999.0,-999.0,41.0,66.0,40.0,2857.0
SWP11,SWP,11,New Hebrides,166.2,-14.0,163.4,-14.3,174.4,-12.9,83.0,2,SS-C,-999,AUSTRALIA,NEW_HEBRIDES,N-NEW_HEBRIDES,Bergeot et al. (2009),93.0,83.0,0.0,93.0,72.0,27.0,56.0,40.0,80.0,131.0,48.0,53.0,42.0,70.0,55.0,1770.0
SWP12,SWP,12,New Hebrides,166.6,-16.0,164.1,-17.2,174.0,-12.3,64.0,2,C-SS,-999,AUSTRALIA,NEW_HEBRIDES,C-NEW_HEBRIDES,Bergeot et al. (2009),101.0,83.0,19.0,96.0,48.0,77.0,13.0,46.0,54.0,87.0,23.0,49.0,35.0,65.0,46.0,1566.0
SWP13,SWP,13,New Hebrides,167.4,-18.0,164.6,-18.4,175.8,-16.7,81.5,2,SS-E,-999,AUSTRALIA,NEW_HEBRIDES,S-NEW_HEBRIDES,Bergeot et al. (2009),109.0,81.0,0.0,109.0,114.0,78.0,4.0,113.0,9.0,204.0,122.0,-5.0,42.0,64.0,38.0,3366.0
SWP14,SWP,14,New Hebrides,168.2,-20.0,165.7,-21.3,175.6,-15.9,61.4,2,E,-999,AUSTRALIA,NEW_HEBRIDES,S-NEW_HEBRIDES,Bergeot et al. (2009),117.0,80.0,19.0,110.0,158.0,75.0,14.0,154.0,44.0,241.0,180.0,-44.0,40.0,66.0,32.0,3835.0
SWP15,SWP,15,New Hebrides,169.5,-22.0,167.4,-23.9,175.4,-16.2,44.6,2,Undefined,-999,AUSTRALIA,NEW_HEBRIDES,-999,-999,124.0,78.0,34.0,103.0,124.0,78.0,34.0,103.0,-999.0,-999.0,-999.0,-999.0,43.0,63.0,26.0,2106.0
SWP16,SWP,16,New Hebrides,171.0,-23.0,170.5,-25.7,172.4,-15.0,10.0,2,Undefined,-999,AUSTRALIA,NEW_HEBRIDES,-999,-999,129.0,76.0,66.0,52.0,129.0,76.0,66.0,52.0,-999.0,-999.0,-999.0,-999.0,39.0,59.0,26.0,1005.0
SWP17,SWP,17,Tonga,187.7,-15.5,190.1,-14.2,180.2,-19.3,241.4,2,SS-E,-999,PACIFIC,AUSTRALIA,TONGA,Argus et al. (2011),84.0,271.0,30.0,73.0,253.0,289.0,47.0,171.0,174.0,117.0,124.0,-97.0,27.0,46.0,108.0,10835.0
SWP18,SWP,18,Tonga,187.8,-17.0,190.5,-17.7,179.8,-14.6,286.1,2,E-SS,-999,PACIFIC,AUSTRALIA,TONGA,Argus et al. (2011),82.0,271.0,15.0,79.0,228.0,291.0,5.0,228.0,154.0,122.0,164.0,-148.0,27.0,35.0,105.0,12300.0
SWP19,SWP,19,Tonga,187.2,-19.0,189.9,-19.8,179.1,-16.5,286.8,2,E-SS,-999,PACIFIC,AUSTRALIA,TONGA,Argus et al. (2011),79.0,271.0,16.0,76.0,192.0,292.0,6.0,191.0,122.0,126.0,161.0,-115.0,26.0,44.0,101.0,10929.0
SWP2,SWP,2,New Britain,150.0,-7.0,151.0,-9.5,147.1,0.6,339.0,2,E-SS,-999,SOLOMON_SEA,NORTH_BISMARCK,SOUTH_BISMARCK,Argus et al. (2011),81.0,63.0,84.0,9.0,93.0,9.0,30.0,81.0,80.0,134.0,155.0,-73.0,34.0,72.0,30.0,1835.0
SWP20,SWP,20,Tonga,186.5,-21.0,189.2,-21.9,178.6,-17.9,291.1,2,E-SS,-999,PACIFIC,AUSTRALIA,TONGA,Argus et al. (2011),76.0,270.0,21.0,71.0,155.0,294.0,3.0,154.0,90.0,133.0,158.0,-83.0,25.0,51.0,98.0,9053.0
SWP21,SWP,21,Tonga,185.4,-23.0,188.0,-24.2,177.8,-19.0,297.9,2,E-SS,-999,PACIFIC,AUSTRALIA,TONGA,Argus et al. (2011),72.0,269.0,29.0,63.0,114.0,293.0,5.0,114.0,56.0,144.0,154.0,-50.0,25.0,56.0,92.0,6564.0
SWP22,SWP,22,Tonga,184.8,-25.0,187.8,-25.3,176.0,-23.9,275.9,2,E-SS,-999,PACIFIC,AUSTRALIA,KERMADEC,Argus et al. (2011),69.0,269.0,7.0,68.0,124.0,281.0,5.0,124.0,59.0,116.0,165.0,-55.0,25.0,53.0,87.0,6587.0
SWP23,SWP,23,Kermadec,184.5,-27.0,187.5,-27.5,175.7,-25.2,281.2,2,E-SS,-999,PACIFIC,AUSTRALIA,KERMADEC,Argus et al. (2011),66.0,268.0,13.0,64.0,114.0,282.0,1.0,114.0,52.0,119.0,162.0,-49.0,30.0,52.0,87.0,6387.0
SWP24,SWP,24,Kermadec,183.9,-29.0,186.9,-29.7,175.2,-26.5,286.4,2,E-SS,-999,PACIFIC,AUSTRALIA,KERMADEC,Argus et al. (2011),62.0,268.0,19.0,59.0,103.0,282.0,5.0,103.0,46.0,121.0,165.0,-44.0,28.0,56.0,95.0,6353.0
SWP25,SWP,25,Kermadec,183.2,-31.0,186.2,-31.9,174.7,-27.8,291.1,2,E-SS,-999,PACIFIC,AUSTRALIA,KERMADEC,Argus et al. (2011),58.0,267.0,24.0,53.0,92.0,282.0,9.0,91.0,39.0,124.0,167.0,-38.0,30.0,61.0,101.0,6317.0
SWP26,SWP,26,Kermadec,182.2,-33.0,185.3,-33.8,173.3,-30.2,287.9,2,E-SS,-999,PACIFIC,AUSTRALIA,KERMADEC,Argus et al. (2011),55.0,265.0,22.0,51.0,81.0,281.0,7.0,80.0,32.0,128.0,160.0,-30.0,29.0,64.0,106.0,5866.0
SWP27,SWP,27,Kermadec,181.6,-35.0,184.7,-36.0,172.9,-31.5,292.5,2,E-SS,-999,PACIFIC,AUSTRALIA,KERMADEC,Argus et al. (2011),51.0,264.0,28.0,45.0,70.0,280.0,12.0,69.0,25.0,134.0,158.0,-23.0,31.0,59.0,111.0,5255.0
SWP28,SWP,28,Kermadec,180.6,-36.5,183.8,-37.5,171.6,-33.1,292.0,2,E-SS,-999,PACIFIC,AUSTRALIA,KERMADEC,Argus et al. (2011),49.0,263.0,29.0,42.0,61.0,278.0,14.0,60.0,20.0,140.0,152.0,-18.0,33.0,59.0,115.0,4836.0
SWP29,SWP,29,Hikurangi,179.1,-38.5,182.4,-39.3,169.6,-35.6,288.0,1,SS-E,-999,PACIFIC,AUSTRALIA,KERMADEC,Argus et al. (2011),45.0,260.0,28.0,40.0,50.0,274.0,14.0,49.0,12.0,154.0,134.0,-8.0,28.0,70.0,119.0,4108.0
SWP3,SWP,3,New Britain,152.0,-6.1,153.2,-8.5,148.6,1.2,335.0,2,E-SS,-999,SOLOMON_SEA,NORTH_BISMARCK,SOUTH_BISMARCK,Argus et al. (2011),81.0,59.0,84.0,8.0,130.0,359.0,24.0,119.0,115.0,140.0,165.0,-111.0,33.0,68.0,30.0,2627.0
SWP30,SWP,30,Hikurangi,178.7,-40.0,182.1,-40.7,169.0,-37.2,287.0,1,SS-E,-999,PACIFIC,AUSTRALIA,KERMADEC,Argus et al. (2011),42.0,259.0,28.0,37.0,42.0,273.0,14.0,40.0,10.0,179.0,108.0,-3.0,21.0,73.0,124.0,3260.0
SWP31,SWP,31,Hikurangi,177.0,-41.4,178.8,-43.8,172.4,-34.2,332.0,1,SS-E,-999,PACIFIC,AUSTRALIA,KERMADEC,Argus et al. (2011),40.0,256.0,76.0,10.0,34.0,263.0,69.0,12.0,7.0,222.0,110.0,-2.0,19.0,73.0,127.0,977.0
SWP32,SWP,32,Hikurangi,175.0,-42.3,177.4,-44.3,168.6,-35.9,320.0,1,SS-C,-999,PACIFIC,AUSTRALIA,KERMADEC,Argus et al. (2011),39.0,253.0,67.0,15.0,32.0,248.0,72.0,10.0,8.0,270.0,50.0,5.0,25.0,72.0,-999.0,-999.0
SWP33,SWP,33,Puysegur,164.5,-48.0,160.5,-47.6,176.6,-48.5,98.0,1,Undefined,-999,AUSTRALIA,PACIFIC,-999,-999,36.0,52.0,46.0,25.0,36.0,52.0,46.0,25.0,-999.0,-999.0,-999.0,-999.0,48.0,66.0,28.0,580.0
SWP4,SWP,4,Solomons,154.0,-6.5,152.4,-8.7,158.6,0.1,35.0,2,C-SS,-999,SOLOMON_SEA,PACIFIC,NORTH_BISMARCK,Argus et al. (2011),90.0,53.0,18.0,86.0,84.0,57.0,22.0,77.0,10.0,9.0,26.0,9.0,39.0,73.0,30.0,1831.0
SWP5,SWP,5,Solomons,156.0,-8.0,154.5,-10.3,160.4,-1.2,33.0,2,Undefined,-999,WOODLARK,PACIFIC,-999,-999,109.0,51.0,18.0,104.0,109.0,51.0,18.0,104.0,-999.0,-999.0,-999.0,-999.0,50.0,71.0,5.0,445.0
SWP6,SWP,6,Solomons,158.0,-9.3,156.7,-11.7,161.9,-2.2,29.0,2,Undefined,-999,AUSTRALIA,PACIFIC,-999,-999,98.0,73.0,44.0,70.0,98.0,73.0,44.0,71.0,-999.0,-999.0,-999.0,-999.0,43.0,0.0,4.0,97.0
SWP7,SWP,7,Solomons,160.0,-10.3,159.0,-12.8,163.0,-2.8,22.0,2,Undefined,-999,AUSTRALIA,PACIFIC,-999,-999,96.0,74.0,52.0,59.0,96.0,74.0,52.0,59.0,-999.0,-999.0,-999.0,-999.0,45.0,77.0,50.0,2480.0
SWP8,SWP,8,Solomons,162.0,-11.3,161.8,-14.0,162.7,-3.2,5.0,2,Undefined,-999,AUSTRALIA,PACIFIC,-999,-999,95.0,75.0,70.0,33.0,95.0,75.0,70.0,33.0,-999.0,-999.0,-999.0,-999.0,43.0,70.0,40.0,1070.0
SWP9,SWP,9,Solomons,164.0,-11.0,164.4,-13.7,162.9,-3.0,352.0,2,Undefined,-999,AUSTRALIA,PACIFIC,-999,-999,94.0,76.0,84.0,10.0,94.0,76.0,84.0,10.0,-999.0,-999.0,-999.0,-999.0,-999.0,-999.0,30.0,-999.0
