time_Ma,segment,geo_ups,geo_zone,n_samples,n_age,median_age_Ma,median_width_km,median_edge_km,median_lon,median_lat,is_E,is_C,age_ge_55,edge_near
0.0,Andaman,E,Central_Andaman_Basin,17,15,82.187981,2565.897814,444.780335,91.912361,8.814424,1,0,1.0,1
0.0,Andes,C,Central_Andes_shortening,46,46,46.488501,6884.559025,1555.9998685,-72.4448195,-20.801523,0,1,0.0,0
0.0,Calabria,E,Tyrrhenian_Calabria,23,4,233.459366,7890.353345,290.974893,15.844239,37.357886,1,0,1.0,1
0.0,Cascadia,N,Cascadia_no_backarc,24,24,3.5890050000000002,1290.036767,311.43313250000006,-125.97265250000001,46.9455595,0,0,0.0,1
0.0,Hellenic,E,Aegean_rifting,37,12,306.493042,7890.353345,667.170502,20.123749,34.767309,1,0,1.0,1
0.0,Izu-Bonin,N,Izu_Bonin_post_Shikoku,27,23,134.17865,10186.753245,333.585251,142.362505,30.460956,0,0,1.0,1
0.0,Japan,C,NE_Japan_inversion,18,17,129.389832,10186.753245,250.188938,144.02263499999998,38.898279,0,1,1.0,1
0.0,Kermadec,E,Havre_Trough,33,30,114.951416,3754.768345,180.656987,-176.228616,-33.858588,1,0,1.0,1
0.0,Manus,E,Manus_Basin,23,13,39.776279,1026.424204,111.195084,152.253661,-6.240006,1,0,0.0,1
0.0,Mariana,E,Mariana_Trough,34,22,145.3450015,10186.753245,1027.890025,146.3887025,16.745171,1,0,1.0,1
0.0,NewHebrides,E,North_Fiji_Basin,43,26,38.765285,3967.120756,287.217709,167.013703,-17.29175,1,0,0.0,1
0.0,Ryukyu,E,Okinawa_Trough_phase2,29,25,63.334393,4365.731205,494.372468,128.336509,25.312142,1,0,1.0,1
0.0,Scotia,E,East_Scotia_Ridge,17,17,43.660351,928.677334,222.390167,-25.139542,-57.67424,1,0,0.0,1
0.0,Tonga,E,Lau_Basin,37,30,97.942627,3754.768345,847.82749,-174.178919,-17.325579,1,0,1.0,1
1.0,Andaman,E,Central_Andaman_Basin,17,16,80.491169,2546.862454,444.780335,91.731991,8.793493,1,0,1.0,1
1.0,Andes,C,Central_Andes_shortening,46,46,46.7581045,6986.602169,1553.6646995,-72.434219,-20.4527365,0,1,0.0,0
1.0,Calabria,E,Tyrrhenian_Calabria,24,6,228.039299,7608.745797,407.75811899999997,15.8723745,37.369437500000004,1,0,1.0,1
1.0,Cascadia,N,Cascadia_no_backarc,24,24,4.2927979999999994,1319.587116,326.208307,-125.66033999999999,46.701147500000005,0,0,0.0,1
1.0,Hellenic,E,Aegean_rifting,32,16,295.844101,7608.745797,616.215419,20.201909999999998,34.3249195,1,0,1.0,1
1.0,Izu-Bonin,N,Izu_Bonin_post_Shikoku,27,24,132.56938200000002,10186.62022,347.25829,142.863275,29.763583,0,0,1.0,1
1.0,Japan,C,NE_Japan_inversion,21,19,127.020012,10186.62022,222.390167,143.672465,38.339082,0,1,1.0,1
1.0,Kermadec,E,Havre_Trough,32,29,114.08419,3800.640158,216.7960965,-176.44369,-33.955657,1,0,1.0,1
1.0,Manus,E,Manus_Basin,21,15,30.304613,1153.475053,222.390167,152.765474,-5.894075,1,0,0.0,1
1.0,Mariana,E,Mariana_Trough,34,34,145.98275,10186.62022,1001.0025905,146.515697,16.440452999999998,1,0,1.0,1
1.0,NewHebrides,E,North_Fiji_Basin,44,38,37.561337,3844.314805,239.3224495,167.360584,-16.985201,1,0,0.0,1
1.0,Ryukyu,E,Okinawa_Trough_phase2,30,29,63.356285,4378.581799,269.5683725,128.0763475,25.5905185,1,0,1.0,1
1.0,Scotia,E,East_Scotia_Ridge,16,16,41.558138,871.463217,213.34144099999997,-26.051661000000003,-57.7972235,1,0,0.0,1
1.0,Tonga,E,Lau_Basin,35,29,96.23542,3800.640158,826.875419,-174.617777,-17.534692,1,0,1.0,1
2.0,Andaman,E,Central_Andaman_Basin,17,16,79.7355995,2515.09284,444.780335,91.551696,8.772333,1,0,1.0,1
2.0,Andes,C,Central_Andes_shortening,46,46,48.55377,7085.743258,1551.5062779999998,-72.42353650000001,-20.5956415,0,1,0.0,0
2.0,Calabria,E,Tyrrhenian_Calabria,23,6,228.47332749999998,7356.815886,365.955947,15.434986,38.155763,1,0,1.0,1
2.0,Cascadia,N,Cascadia_no_backarc,25,25,4.314739,1348.226778,333.585251,-125.408733,46.71091,0,0,0.0,1
2.0,Hellenic,E,Aegean_rifting,31,17,290.13031,7356.815886,611.57296,20.554784,34.25892,1,0,1.0,1
2.0,Izu-Bonin,N,Izu_Bonin_post_Shikoku,25,25,129.949539,10188.43837,411.878376,143.217319,29.549064,0,0,1.0,1
2.0,Japan,C,NE_Japan_inversion,22,22,124.9167095,10188.43837,250.188938,142.8942985,37.3429395,0,1,1.0,1
2.0,Kermadec,E,Havre_Trough,47,38,115.6660155,4442.216834,191.39089,-177.399994,-34.493136,1,0,1.0,1
2.0,Manus,E,Manus_Basin,17,14,25.594552,1205.895184,85.425491,151.055777,-5.969517,1,0,0.0,1
2.0,Mariana,E,Mariana_Trough,35,34,139.9446255,10188.43837,959.235889,146.519821,16.269182,1,0,1.0,1
2.0,NewHebrides,E,North_Fiji_Basin,45,39,38.606182,3730.441975,239.257423,168.227938,-16.912696,1,0,0.0,1
2.0,Ryukyu,E,Okinawa_Trough_phase2,29,28,64.205044,4397.995289,273.841982,127.841213,25.892061,1,0,1.0,1
2.0,Scotia,E,East_Scotia_Ridge,16,16,46.3555455,857.464995,206.34233,-26.993505,-57.6778305,1,0,0.0,1
2.0,Tonga,E,Lau_Basin,33,28,96.70928950000001,4442.216834,744.655372,-175.465776,-18.09409,1,0,1.0,1
3.0,Andaman,E,Central_Andaman_Basin,17,16,78.11439899999999,2552.352107,444.780335,91.3707,8.758501,1,0,1.0,1
3.0,Andes,C,Central_Andes_shortening,46,46,50.816948,7152.886215,1549.5166125,-72.410285,-20.736131,0,1,0.0,0
3.0,Calabria,E,Tyrrhenian_Calabria,23,5,224.949432,7145.347535,256.984147,15.137076,38.957839,1,0,1.0,1
3.0,Cascadia,N,Cascadia_no_backarc,25,22,5.352090499999999,1346.514087,333.585251,-125.060442,46.40932,0,0,0.0,1
3.0,Hellenic,E,Aegean_rifting,30,15,292.184296,7145.347535,589.2891495,20.500096499999998,34.2292565,1,0,1.0,1
3.0,Izu-Bonin,N,Izu_Bonin_post_Shikoku,22,22,126.469257,10308.532725,471.79062899999997,143.500091,29.5759305,0,0,1.0,1
3.0,Japan,C,NE_Japan_inversion,23,23,121.653442,10308.532725,276.410755,142.944676,37.287045,0,1,1.0,1
3.0,Kermadec,E,Havre_Trough,53,32,115.829643,4439.359946,277.987709,-177.232511,-32.998933,1,0,1.0,1
3.0,Manus,E,Manus_Basin,17,17,24.542461,931.22052,111.195084,151.070186,-5.79949,1,0,0.0,1
3.0,Mariana,E,Mariana_Trough,37,36,134.13521550000002,10308.532725,916.885243,146.5077,16.340874,1,0,1.0,1
3.0,NewHebrides,E,North_Fiji_Basin,40,34,36.7665615,3620.696354,213.8498245,168.562714,-16.0163615,1,0,0.0,1
3.0,Scotia,E,East_Scotia_Ridge,15,15,44.640339,803.107142,191.534182,-27.744057,-57.857437,1,0,0.0,1
3.0,Tonga,E,Lau_Basin,32,27,93.994034,4439.359946,464.2202165,-175.668027,-18.396130499999998,1,0,1.0,1
4.0,Andaman,E,Central_Andaman_Basin,17,15,77.721046,2597.533103,444.780335,91.189451,8.746868,1,0,1.0,1
4.0,Andes,C,Central_Andes_shortening,46,46,53.9926605,7130.32233,1547.692141,-72.3892275,-20.874284,0,1,0.0,0
4.0,Calabria,E,Tyrrhenian_Calabria,23,4,222.581421,6981.217188,232.906444,14.813847,39.815109,1,0,1.0,1
4.0,Cascadia,N,Cascadia_no_backarc,26,22,5.658125,1420.173184,348.7025695,-124.785575,46.362854999999996,0,0,0.0,1
4.0,Hellenic,E,Aegean_rifting,32,22,251.94581599999998,6981.217188,560.4528345,20.696695499999997,34.1681285,1,0,1.0,1
4.0,Izu-Bonin,N,Izu_Bonin_post_Shikoku,22,22,124.1758765,10232.243709,564.964639,143.850785,29.359036000000003,0,0,1.0,1
4.0,Japan,C,NE_Japan_inversion,25,25,119.688805,10232.243709,295.96615,143.192799,37.87889,0,1,1.0,1
4.0,Kermadec,E,Havre_Trough,56,37,113.711868,4427.608447,278.4702615,-177.2580205,-33.0710785,1,0,1.0,1
4.0,Mariana,E,Mariana_Trough,37,37,131.608734,10232.243709,889.56067,146.512277,15.980315,1,0,1.0,1
4.0,NewHebrides,E,North_Fiji_Basin,33,31,34.880814,3427.951099,166.792626,169.140345,-15.121842,1,0,0.0,1
4.0,Scotia,E,East_Scotia_Ridge,13,13,46.152824,715.443449,166.792626,-28.502082,-58.270104,1,0,0.0,1
4.0,Tonga,E,Lau_Basin,30,26,90.4341315,4427.608447,461.5165495,-175.97083700000002,-18.473476,1,0,1.0,1
5.0,Andes,C,Central_Andes_shortening,47,47,56.280815,7146.727411,198.539687,-72.349795,-20.562715,0,1,1.0,1
5.0,Calabria,E,Tyrrhenian_Calabria,27,2,224.5180435,6848.758474,232.906444,14.586739,39.892528,1,0,1.0,1
5.0,Cascadia,N,Cascadia_no_backarc,27,20,5.937336999999999,1451.725153,339.774316,-124.525159,46.352307,0,0,0.0,1
5.0,Hellenic,E,Aegean_rifting,26,22,247.450035,6848.758474,611.2889825,21.953679,34.0069365,1,0,1.0,1
5.0,Izu-Bonin,N,Izu_Bonin_post_Shikoku,23,23,122.07193,10064.739596,667.170502,144.132265,29.383921,0,0,1.0,1
5.0,Japan,N,Japan_post_opening_neutral,29,29,116.936012,1058.165003,370.18165,143.41423,38.49029,0,0,1.0,1
5.0,Kermadec,E,Havre_Trough,30,19,104.851013,3055.63435,260.3512855,-177.24168200000003,-33.384161,1,0,1.0,1
5.0,Mariana,E,Mariana_Trough,35,34,126.3288765,10064.739596,500.377877,146.781599,16.329146,1,0,1.0,1
5.0,NewHebrides,E,North_Fiji_Basin,27,24,33.240162,3169.754744,136.682778,169.376118,-13.450631,1,0,0.0,1
5.0,Scotia,E,East_Scotia_Ridge,13,13,48.536064,697.704154,166.792626,-29.369412,-58.306367,1,0,0.0,1
5.0,Tonga,E,Lau_Basin,31,27,88.203568,3055.63435,422.225188,-176.259024,-19.324843,1,0,1.0,1
6.0,Andes,C,Central_Andes_shortening,46,46,58.6695725,7177.567091,1541.8409735,-72.3783235,-20.6994645,0,1,1.0,0
6.0,Calabria,E,Tyrrhenian_Calabria,26,3,225.54538,6722.608771,223.128155,15.2853,39.5353805,1,0,1.0,1
6.0,Cascadia,N,Cascadia_no_backarc,28,20,7.2699345,1437.859011,191.041056,-124.26076649999999,46.349959999999996,0,0,0.0,1
6.0,Hellenic,E,Aegean_rifting,25,21,255.196823,6722.608771,611.57296,22.549977,33.909175,1,0,1.0,1
6.0,Izu-Bonin,N,Izu_Bonin_post_Shikoku,22,22,119.2145345,10054.730844,715.0255445,143.874425,29.4088335,0,0,1.0,1
6.0,Japan,N,Japan_post_opening_neutral,26,26,115.51952,10054.730844,381.4402935,143.0225455,38.141231000000005,0,0,1.0,1
6.0,Mariana,E,Mariana_Trough,33,30,132.066803,10054.730844,500.377877,146.824773,17.058164,1,0,1.0,1
6.0,NewHebrides,E,North_Fiji_Basin,19,18,30.4892625,2052.869173,222.390167,168.59548,-12.352581,1,0,0.0,1
6.0,Ryukyu,E,Okinawa_Trough_phase1,25,25,60.933865,2100.382729,304.15279,127.482535,27.69966,1,0,1.0,1
6.0,Scotia,E,East_Scotia_Ridge,13,13,47.307831,680.902111,166.792626,-30.288581,-58.330041,1,0,0.0,1
6.0,Tonga,E,Lau_Basin,36,15,15.769507,4991.848346,614.2176179999999,-177.18078350000002,-18.158958,1,0,0.0,1
7.0,Andes,C,Central_Andes_shortening,46,46,62.1612585,7240.358419,1537.7734535,-72.3890205,-20.87298,0,1,1.0,0
7.0,Calabria,E,Tyrrhenian_Calabria,27,4,225.80335250000002,6685.013111,234.294323,16.560963,39.174255,1,0,1.0,1
7.0,Cascadia,N,Cascadia_no_backarc,29,20,7.6121929999999995,1487.852312,191.351886,-123.994644,46.363114,0,0,0.0,1
7.0,Hellenic,E,Aegean_rifting,21,21,250.347946,6685.013111,667.170502,24.103773,33.752037,1,0,1.0,1
7.0,Izu-Bonin,N,Izu_Bonin_post_Shikoku,22,22,116.556366,10056.593527,708.0749835,143.6906275,29.2822935,0,0,1.0,1
7.0,Japan,N,Japan_post_opening_neutral,24,24,113.9683835,10056.593527,346.6909615,142.713785,38.1336205,0,0,1.0,1
7.0,Mariana,E,Mariana_Trough,31,27,134.026138,10056.593527,500.377877,147.022814,17.223253,1,0,1.0,1
7.0,NewHebrides,E,North_Fiji_Basin,17,17,41.726639,1956.369684,222.390167,167.889455,-12.384759,1,0,0.0,1
7.0,Ryukyu,E,Okinawa_Trough_phase1,25,25,60.355461,2067.981448,308.20106,127.090813,27.87173,1,0,1.0,1
7.0,Scotia,E,East_Scotia_Ridge,12,12,46.1493815,636.82383,151.6192895,-31.2501385,-58.510566,1,0,0.0,1
8.0,Andes,C,Central_Andes_shortening,46,46,66.90477,7480.042439,1533.829964,-72.399789,-20.6061445,0,1,1.0,0
8.0,Calabria,E,Tyrrhenian_Calabria,25,3,224.258774,6656.529357,256.580436,16.772469,39.172196,1,0,1.0,1
8.0,Cascadia,N,Cascadia_no_backarc,29,20,7.9500675,1537.987681,281.024499,-123.636293,46.136183,0,0,0.0,1
8.0,Hellenic,E,Aegean_rifting,22,21,244.499878,6656.529357,654.471573,23.9339705,33.677937,1,0,1.0,1
8.0,Izu-Bonin,N,Izu_Bonin_post_Shikoku,23,23,114.571671,10073.222819,689.396205,143.473738,29.473075,0,0,1.0,1
8.0,Japan,N,Japan_post_opening_neutral,22,22,105.3707355,10073.222819,316.8993315,142.3599715,38.1649155,0,0,1.0,1
8.0,Mariana,N,IBM_post_PV_gap,31,27,132.020889,10073.222819,500.377877,147.312417,17.206384,0,0,1.0,1
8.0,NewHebrides,E,North_Fiji_Basin,17,17,41.531181,1658.724937,333.585251,167.635081,-12.430408,1,0,0.0,1
8.0,Ryukyu,E,Okinawa_Trough_phase1,22,22,61.244981499999994,2035.832672,316.2939195,126.903112,28.253231999999997,1,0,1.0,1
8.0,Scotia,E,East_Scotia_Ridge,11,10,44.61347550000001,554.870153,137.888589,-32.12754,-58.682353,1,0,0.0,1
9.0,Andes,C,Central_Andes_shortening,46,46,69.803383,7423.704652,1530.0103605,-72.410656,-20.777103,0,1,1.0,0
9.0,Calabria,E,Tyrrhenian_Calabria,21,2,224.834694,6624.666501,232.906443,16.838329,38.988895,1,0,1.0,1
9.0,Cascadia,N,Cascadia_no_backarc,29,19,8.249659,1601.273117,294.372548,-123.239784,45.797042,0,0,0.0,1
9.0,Hellenic,E,Aegean_rifting,22,20,238.1737745,6624.666501,609.651342,24.017089499999997,33.672402500000004,1,0,1.0,1
9.0,Izu-Bonin,N,Izu_Bonin_post_Shikoku,23,23,110.53093,10081.398691,713.397913,143.280953,29.414186,0,0,1.0,1
9.0,Japan,N,Japan_post_opening_neutral,20,20,97.42939799999999,10081.398691,301.10141450000003,142.021048,38.199869,0,0,1.0,1
9.0,Mariana,N,IBM_post_PV_gap,30,26,129.33225249999998,10081.398691,517.5136255,147.612586,17.391754,0,0,1.0,1
9.0,NewHebrides,E,North_Fiji_Basin,15,15,49.149086,1559.56607,444.780335,167.351257,-12.732292,1,0,0.0,1
9.0,Ryukyu,E,Okinawa_Trough_phase1,23,23,62.52816,2002.043521,288.04364,126.441652,28.189446,1,0,1.0,1
9.0,Scotia,E,East_Scotia_Ridge,8,8,43.593254,441.16571,109.3877715,-32.809025500000004,-58.5293915,1,0,0.0,1
10.0,Andes,C,Central_Andes_shortening,45,45,71.44751,7617.936628,1551.495408,-72.36746,-20.742243,0,1,1.0,0
10.0,Calabria,E,Tyrrhenian_Calabria,19,2,223.2573395,6442.695019,232.906443,16.857962,39.382944,1,0,1.0,1
10.0,Cascadia,N,Cascadia_no_backarc,29,19,8.638556,1659.707684,298.699802,-123.029496,45.988554,0,0,0.0,1
10.0,Hellenic,E,Aegean_rifting,23,21,233.577698,6442.695019,611.57296,23.770459,33.599414,1,0,1.0,1
10.0,Izu-Bonin,N,Izu_Bonin_post_Shikoku,23,23,107.072594,10103.451819,722.768044,143.100702,29.356133,0,0,1.0,1
10.0,Japan,N,Japan_post_opening_neutral,19,19,94.569374,10103.451819,286.688249,141.66696,38.182919,0,0,1.0,1
10.0,Mariana,N,IBM_post_PV_gap,30,26,127.3089445,10103.451819,461.916084,147.6010385,17.3235085,0,0,1.0,1
10.0,NewHebrides,E,North_Fiji_Basin,15,15,57.116604,1486.712185,555.975419,167.08409,-12.886056,1,0,1.0,1
10.0,Ryukyu,E,Okinawa_Trough_phase1,21,21,60.242863,1968.305254,286.545064,126.550712,28.702408,1,0,1.0,1
10.0,Scotia,E,East_Scotia_Ridge,9,9,52.428257,432.603749,111.195084,-33.378116,-58.262114,1,0,0.0,1
11.0,Andes,C,Central_Andes_shortening,45,45,71.578781,7074.15321,1545.830675,-72.335782,-20.830244,0,1,1.0,0
11.0,Cascadia,N,Cascadia_no_backarc,28,18,8.5926805,1643.589109,439.99657349999995,-122.7739265,45.7890185,0,0,0.0,1
11.0,Hellenic,E,Aegean_rifting,22,19,228.385483,6344.042344,574.6392225,24.206347,33.604277499999995,1,0,1.0,1
11.0,Izu-Bonin,N,Izu_Bonin_post_Shikoku,22,22,105.437096,10015.777615,1030.4161434999999,143.03976849999998,29.3669765,0,0,1.0,1
11.0,Japan,N,Japan_post_opening_neutral,19,19,91.728241,10015.777615,277.987709,141.399456,37.975332,0,0,1.0,1
11.0,Mariana,N,IBM_post_PV_gap,30,30,116.1591645,10015.777615,413.331842,146.8575485,17.176718,0,0,1.0,1
11.0,NewHebrides,E,North_Fiji_Basin,15,15,45.155228,1405.062445,611.57296,167.37298,-13.105462,1,0,0.0,1
11.0,Scotia,E,East_Scotia_Ridge,12,9,50.630795,474.681752,70.548251,-33.825168000000005,-58.9408795,1,0,0.0,1
12.0,Andes,C,Central_Andes_shortening,46,46,71.881912,7219.647121,1520.7148225,-72.2456885,-20.7536195,0,1,1.0,0
12.0,Cascadia,N,Cascadia_no_backarc,28,18,7.8125,1699.105901,467.1437855,-122.54809900000001,45.817222,0,0,0.0,1
12.0,Hellenic,E,Aegean_rifting,21,18,240.052223,6218.716615,573.293737,24.459093,33.5527,1,0,1.0,1
12.0,Izu-Bonin,N,Izu_Bonin_post_Shikoku,23,23,103.856552,10227.286603,987.793003,142.874685,29.470823,0,0,1.0,1
12.0,Japan,N,Japan_post_opening_neutral,16,16,88.8749235,10227.286603,243.707563,141.109273,38.2599605,0,0,1.0,1
12.0,Mariana,N,IBM_post_PV_gap,30,30,109.3340305,10227.286603,413.331842,147.0535885,17.088571,0,0,1.0,1
12.0,NewHebrides,E,North_Fiji_Basin,14,14,48.7566145,2399.0291315,694.969273,167.4730765,-12.8433245,1,0,0.0,1
12.0,Scotia,E,East_Scotia_Ridge,17,15,48.55703,810.369135,111.195084,-34.231164,-58.160815,1,0,0.0,1
13.0,Andes,C,Central_Andes_shortening,46,46,73.381363,7094.450703,1518.011303,-72.125682,-20.887828,0,1,1.0,0
13.0,Cascadia,N,Cascadia_no_backarc,28,18,6.8125,1744.6405,491.934006,-122.346338,45.934115000000006,0,0,0.0,1
13.0,Hellenic,E,Aegean_rifting,21,19,226.729248,6098.121141,555.975419,24.412079,33.518202,1,0,1.0,1
13.0,Izu-Bonin,N,Izu_Bonin_post_Shikoku,23,23,91.765778,10131.484817,966.652434,142.74222,29.327275,0,0,1.0,1
13.0,Japan,N,Japan_post_opening_neutral,15,15,82.868317,10131.484817,333.585251,140.824101,38.360279,0,0,1.0,1
13.0,Mariana,N,IBM_post_PV_gap,30,30,120.91041949999999,10131.484817,413.331842,147.096249,17.011530999999998,0,0,1.0,1
13.0,Scotia,E,East_Scotia_Ridge,21,21,47.820065,1102.241939,121.613983,-34.527586,-57.718787,1,0,0.0,1
14.0,Andes,C,Central_Andes_shortening,45,45,72.47831,7309.917599,1529.607604,-72.076308,-20.804552,0,1,1.0,0
14.0,Cascadia,N,Cascadia_no_backarc,27,18,7.6759745,1783.586717,526.610528,-122.279694,46.347435,0,0,0.0,1
14.0,Hellenic,E,Aegean_rifting,21,20,212.2235185,5983.530695,555.975419,24.358461,33.483689,1,0,1.0,1
14.0,Izu-Bonin,N,Izu_Bonin_post_Shikoku,23,23,76.641754,10206.98075,892.171628,142.489994,29.674917,0,0,1.0,1
14.0,Japan,E,Japan_Sea_opening,12,12,76.3343235,10206.98075,472.579106,140.550421,39.092369000000005,1,0,1.0,1
14.0,Mariana,N,IBM_post_PV_gap,31,31,119.034363,10206.98075,437.480891,147.063745,17.178528,0,0,1.0,1
14.0,Scotia,E,East_Scotia_Ridge,21,21,46.430466,1108.310612,124.509338,-34.89425,-57.761051,1,0,0.0,1
15.0,Andes,C,Central_Andes_shortening,45,45,72.159119,7587.578296,1524.450418,-71.990687,-20.936103,0,1,1.0,0
15.0,Cascadia,N,Cascadia_no_backarc,26,17,7.491011,1627.549929,465.424624,-122.1290735,46.521860000000004,0,0,0.0,1
15.0,Hellenic,E,Aegean_rifting,22,21,209.749908,5864.967756,537.355457,24.5906565,33.442616,1,0,1.0,1
15.0,Izu-Bonin,E,Shikoku_Basin,23,23,82.654793,10295.103599,900.163796,142.29475,29.523757,1,0,1.0,1
15.0,Japan,E,Japan_Sea_opening,9,9,68.236168,10295.103599,555.975419,140.511989,39.796278,1,0,1.0,1
15.0,Mariana,E,Parece_Vela_Basin,35,35,118.505653,10295.103599,493.078433,147.409526,16.153364,1,0,1.0,1
15.0,Scotia,E,East_Scotia_Ridge,22,22,43.257929000000004,1129.518279,119.9788045,-35.2869065,-57.7488675,1,0,0.0,1
16.0,Andes,C,Central_Andes_shortening,45,45,73.890182,7778.794178,1516.584256,-71.89255,-21.091204,0,1,1.0,0
16.0,Cascadia,N,Cascadia_no_backarc,25,17,8.168585,1683.528142,500.377877,-122.062216,46.852362,0,0,0.0,1
16.0,Hellenic,E,Aegean_rifting,22,21,207.069962,5766.305367,529.2429555,24.5173355,33.395855,1,0,1.0,1
16.0,Izu-Bonin,E,Shikoku_Basin,23,23,83.406769,10299.088316,985.440184,142.44635,29.744467,1,0,1.0,1
16.0,Japan,E,Japan_Sea_opening,7,7,75.507256,10299.088316,500.377877,140.284169,40.243546,1,0,1.0,1
16.0,Mariana,E,Parece_Vela_Basin,35,35,104.398621,10299.088316,475.675087,147.315753,16.295469,1,0,1.0,1
16.0,Scotia,E,East_Scotia_Ridge,15,15,91.302208,820.988609,209.415649,-35.855198,-57.449663,1,0,1.0,1
17.0,Andes,C,Central_Andes_shortening,45,45,75.088974,7818.612276,1509.157243,-72.090314,-20.827757,0,1,1.0,0
17.0,Cascadia,N,Cascadia_no_backarc,25,18,8.1425235,1739.927333,516.781412,-122.082901,47.364081,0,0,0.0,1
17.0,Hellenic,E,Aegean_rifting,21,20,206.222107,5639.866723,498.219958,24.57529,33.2394,1,0,1.0,1
17.0,Izu-Bonin,E,Shikoku_Basin,23,23,75.925056,10291.717823,1116.625118,142.691399,29.469901,1,0,1.0,1
17.0,Japan,E,Japan_Sea_opening,7,7,59.156734,10291.717823,393.857074,140.255124,36.656632,1,0,1.0,1
17.0,Mariana,E,Parece_Vela_Basin,34,34,108.0106815,10291.717823,460.4070355,147.2877875,16.1986545,1,0,1.0,1
18.0,Andes,C,Central_Andes_shortening,45,45,76.893806,7772.730186,1502.174851,-72.002246,-20.984794,0,1,1.0,0
18.0,Cascadia,N,Cascadia_no_backarc,25,18,8.291848000000002,1988.784401,478.069524,-121.881923,47.425967,0,0,0.0,1
18.0,Hellenic,E,Aegean_rifting,21,20,206.181824,5528.738636,494.511632,24.333536,33.099056,1,0,1.0,1
18.0,Izu-Bonin,E,Shikoku_Basin,23,23,67.409004,10282.96007,1203.212,142.858866,29.65015,1,0,1.0,0
18.0,Japan,E,Japan_Sea_opening,6,6,55.795286000000004,10282.96007,397.0476435,140.60592400000002,36.6302665,1,0,1.0,1
18.0,Mariana,E,Parece_Vela_Basin,35,35,98.260612,10282.96007,459.998373,147.35123,16.083994,1,0,1.0,1
19.0,Andes,C,Central_Andes_shortening,45,45,76.23365,7688.967157,1501.13363,-71.915011,-21.140786,0,1,1.0,0
19.0,Cascadia,N,Cascadia_no_backarc,24,18,8.2808985,1988.176193,509.015377,-121.7253235,47.566849500000004,0,0,0.0,1
19.0,Hellenic,E,Aegean_rifting,21,20,204.1536635,5425.165706,435.771136,24.680186,32.952391,1,0,1.0,1
19.0,Izu-Bonin,E,Shikoku_Basin,23,23,56.073864,10396.057555,1112.588884,142.555516,29.38425,1,0,1.0,1
19.0,Japan,E,Japan_Sea_opening,4,4,47.6453895,10396.057555,473.217152,140.41109949999998,35.863597,1,0,0.0,1
19.0,Mariana,E,Parece_Vela_Basin,34,34,98.12816649999999,10396.057555,456.3032025,147.296153,16.1808385,1,0,1.0,1
20.0,Andes,C,Central_Andes_shortening,45,45,78.707878,7644.483198,1501.13363,-71.828604,-21.295696,0,1,1.0,0
20.0,Cascadia,N,Cascadia_no_backarc,22,17,8.309799,1982.16069,571.586997,-121.6128665,47.811296,0,0,0.0,1
20.0,Hellenic,E,Aegean_rifting,21,21,204.070267,5348.966791,433.209427,24.430462,32.797823,1,0,1.0,1
20.0,Izu-Bonin,E,Shikoku_Basin,23,23,72.200783,10424.802343,1056.353295,141.958007,29.560118,1,0,1.0,1
20.0,Japan,E,Japan_Sea_opening,1,1,53.005974,10424.802343,510.960999,140.009094,35.313563,1,0,0.0,1
20.0,Mariana,E,Parece_Vela_Basin,35,35,106.650375,10424.802343,475.867587,147.138017,16.506957,1,0,1.0,1
21.0,Andes,C,Central_Andes_shortening,45,45,79.235809,8192.872812,1501.13363,-72.075636,-21.049632,0,1,1.0,0
21.0,Cascadia,N,Cascadia_no_backarc,22,17,8.787846,2005.18495,633.318344,-121.410057,47.9411935,0,0,0.0,1
21.0,Hellenic,E,Aegean_rifting,13,13,200.207596,5325.140879,166.792626,27.197349,32.823752,1,0,1.0,1
21.0,Izu-Bonin,E,Shikoku_Basin,23,23,59.029549,10406.517465,1000.755754,141.71197,29.395498,1,0,1.0,1
21.0,Mariana,E,Parece_Vela_Basin,35,35,104.757912,10406.517465,452.623027,146.796841,16.551732,1,0,1.0,1
22.0,Andes,C,Central_Andes_shortening,45,45,79.275391,8091.109745,1501.13363,-72.008106,-21.212274,0,1,1.0,0
22.0,Cascadia,N,Cascadia_no_backarc,18,17,9.469858,2039.732787,614.121061,-121.498071,48.5878155,0,0,0.0,1
22.0,Hellenic,E,Aegean_rifting,10,9,174.10025,5310.549285,127.6694295,27.8389905,32.967054000000005,1,0,1.0,1
22.0,Izu-Bonin,E,Shikoku_Basin,24,24,82.97587999999999,10398.436459,988.4421990000001,141.3307475,29.3566595,1,0,1.0,1
22.0,Mariana,E,Parece_Vela_Basin,34,34,100.949551,10398.436459,466.7398705,146.448487,16.256519,1,0,1.0,1
23.0,Andes,C,Central_Andes_shortening,44,44,80.11907550000001,8004.476015,1510.107813,-72.1054555,-21.175960500000002,0,1,1.0,0
23.0,Cascadia,N,Cascadia_no_backarc,18,17,10.363216,2071.407062,581.302264,-121.397006,48.875373999999994,0,0,0.0,1
23.0,Hellenic,E,Aegean_rifting,8,8,113.03548049999999,5289.086892,97.51108199999999,28.469326,33.143388,1,0,1.0,1
23.0,Izu-Bonin,E,Shikoku_Basin,23,23,61.119137,10380.075166,945.158212,140.77957,29.342219,1,0,1.0,1
23.0,Mariana,E,Parece_Vela_Basin,35,35,101.826309,10380.075166,477.536372,145.797732,16.405418,1,0,1.0,1
24.0,Andes,C,Central_Andes_shortening,44,44,80.7480735,12159.051443,1506.2798915,-72.0415375,-21.337431,0,1,1.0,0
24.0,Cascadia,N,Cascadia_no_backarc,14,14,11.423483000000001,2105.633382,491.7764345,-121.7330295,49.578726,0,0,0.0,1
24.0,Izu-Bonin,E,Shikoku_Basin,23,23,71.015434,10341.444883,889.56067,140.342328,29.291569,1,0,1.0,1
24.0,Mariana,E,Parece_Vela_Basin,35,35,96.24572,10341.444883,469.969747,145.100137,16.414747,1,0,1.0,1
25.0,Andes,C,Central_Andes_shortening,45,45,82.109444,12152.855316,1501.13363,-72.147799,-21.303635,0,1,1.0,0
25.0,Cascadia,N,Cascadia_no_backarc,12,12,13.324206,2127.477459,434.54166299999997,-121.7318325,49.9265185,0,0,0.0,1
25.0,Izu-Bonin,E,Shikoku_Basin,23,23,60.88319,10465.037487,889.56067,140.084237,29.27043,1,0,1.0,1
25.0,Mariana,E,Parece_Vela_Basin,36,36,71.66638549999999,10465.037487,485.7468695,144.394177,16.086209,1,0,1.0,1
26.0,Andes,C,Central_Andes_shortening,45,45,82.352028,12120.57913,1445.536088,-72.101045,-21.42927,0,1,1.0,0
26.0,Cascadia,N,Cascadia_no_backarc,9,9,13.486113,2187.909982,417.85385,-121.748806,50.238728,0,0,0.0,1
26.0,Izu-Bonin,E,Shikoku_Basin,22,22,52.3639965,10009.486886,1072.375963,140.1610275,29.054183000000002,1,0,0.0,1
26.0,Mariana,E,Parece_Vela_Basin,16,16,53.425116,10009.486886,416.981564,144.0917965,20.370276,1,0,0.0,1
27.0,Andes,C,Central_Andes_shortening,44,44,82.892616,12301.818413,1469.8124545,-72.2120635,-21.390904,0,1,1.0,0
27.0,Cascadia,N,Cascadia_no_backarc,8,8,11.55556,2269.453287,435.8756065,-121.7147875,50.570609000000005,0,0,0.0,1
27.0,Izu-Bonin,E,Shikoku_Basin,21,21,48.422112,10234.156113,1167.548379,140.310942,28.80706,1,0,0.0,1
27.0,Mariana,E,Parece_Vela_Basin,19,19,51.762951,10234.156113,500.377877,144.365635,19.640888,1,0,0.0,1
28.0,Andes,C,Central_Andes_shortening,44,44,84.6677705,12472.728729,1466.7373495000002,-72.1468435,-21.5400135,0,1,1.0,0
28.0,Cascadia,N,Cascadia_no_backarc,6,6,12.076948999999999,2361.480302,492.94207100000006,-121.406758,50.7279015,0,0,0.0,1
28.0,Izu-Bonin,E,Shikoku_Basin,20,20,44.5589485,10459.265716,1289.3052539999999,140.550251,28.6739235,1,0,0.0,0
28.0,Mariana,E,Parece_Vela_Basin,22,22,50.031473,10459.265716,583.7741894999999,144.87393,19.0613235,1,0,0.0,1
29.0,Andes,C,Central_Andes_shortening,45,45,86.903191,12480.394389,1445.536088,-72.261079,-21.502097,0,1,1.0,0
29.0,Cascadia,N,Cascadia_no_backarc,5,5,13.433311,2261.017411,326.480513,-121.250138,51.102985,0,0,0.0,1
29.0,Izu-Bonin,E,Shikoku_Basin,23,23,48.964699,10646.47633,1334.341005,140.943565,29.385472,1,0,0.0,0
29.0,Mariana,E,Parece_Vela_Basin,24,24,51.944212,10646.47633,639.371731,145.7417995,18.591704,1,0,0.0,1
30.0,Andes,C,Central_Andes_shortening,44,44,88.979282,12326.741638,1461.2264089999999,-72.37224,-21.461107499999997,0,1,1.0,0
30.0,Cascadia,N,Cascadia_no_backarc,4,4,18.914447,2483.004823,355.044555,-120.774506,51.04302,0,0,0.0,1
30.0,Izu-Bonin,E,West_Philippine_Basin_IzuBonin,24,24,53.338392,11584.739232,1421.7819789999999,141.417729,29.5718705,1,0,0.0,0
30.0,Mariana,E,West_Philippine_Basin_Mariana,26,26,66.6856385,11584.739232,694.969273,146.55630150000002,18.0956425,1,0,1.0,1
31.0,Andes,C,Central_Andes_shortening,44,44,92.236805,12221.805003,1458.8570260000001,-72.18800300000001,-21.581978,0,1,1.0,0
31.0,Izu-Bonin,E,West_Philippine_Basin_IzuBonin,24,24,53.0388775,13048.690324,1456.879932,141.5289785,29.510801,1,0,0.0,0
31.0,Mariana,E,West_Philippine_Basin_Mariana,23,23,47.706848,13048.690324,1056.353295,145.880604,18.52112,1,0,0.0,1
32.0,Andes,C,Central_Andes_shortening,44,44,96.823105,12058.114274,1456.6636125,-72.004742,-21.702557499999998,0,1,1.0,0
32.0,Izu-Bonin,E,West_Philippine_Basin_IzuBonin,24,24,52.433862500000004,12235.691517,1482.446687,141.7003145,29.533705,1,0,0.0,0
32.0,Mariana,E,West_Philippine_Basin_Mariana,24,24,45.1154195,12235.691517,1195.34715,145.696298,18.1444595,1,0,0.0,1
33.0,Andes,C,Central_Andes_shortening,43,43,98.437798,11869.100314,1463.754835,-72.012675,-21.646054,0,1,1.0,0
33.0,Izu-Bonin,E,West_Philippine_Basin_IzuBonin,24,24,51.596016000000006,12295.043009,1515.264207,141.8976715,29.7262405,1,0,0.0,0
33.0,Mariana,E,West_Philippine_Basin_Mariana,26,26,42.3880695,12295.043009,1306.542234,145.7145575,17.763924,1,0,0.0,0
34.0,Andes,C,Central_Andes_shortening,44,44,97.42831799999999,11891.589879,1452.8018905,-71.9692585,-21.542494,0,1,1.0,0
34.0,Izu-Bonin,E,West_Philippine_Basin_IzuBonin,23,23,50.391373,12427.152358,1584.137185,142.296348,29.610538,1,0,0.0,0
34.0,Mariana,E,West_Philippine_Basin_Mariana,28,28,41.3398075,12427.152358,1417.7373175,145.85049850000001,17.3251605,1,0,0.0,0
35.0,Andes,C,Central_Andes_shortening,44,44,97.46673200000001,11862.356033,1451.132231,-71.7711545,-21.641424,0,1,1.0,0
35.0,Izu-Bonin,E,West_Philippine_Basin_IzuBonin,23,23,49.776924,20348.101836,1628.913341,142.65149,29.672328,1,0,0.0,0
35.0,Mariana,E,West_Philippine_Basin_Mariana,27,27,40.589996,20348.101836,2335.096758,145.946806,17.580317,1,0,0.0,0
36.0,Andes,C,Central_Andes_shortening,44,44,96.309887,11812.978027,1449.199292,-71.56645,-21.731671,0,1,1.0,0
36.0,Izu-Bonin,E,West_Philippine_Basin_IzuBonin,24,24,49.952776,20805.825665,1492.479411,141.3191365,29.675366500000003,1,0,0.0,0
36.0,Mariana,E,West_Philippine_Basin_Mariana,31,31,40.506821,20805.825665,2112.706591,145.596977,16.543291,1,0,0.0,0
37.0,Andes,C,Central_Andes_shortening,43,43,94.927162,11778.383168,1449.350042,-71.517931,-21.618982,0,1,1.0,0
37.0,Izu-Bonin,E,West_Philippine_Basin_IzuBonin,19,19,44.157578,21103.022304,1553.465389,140.729881,28.209573,1,0,0.0,0
37.0,Mariana,E,West_Philippine_Basin_Mariana,33,33,38.696575,21103.022304,1945.913965,145.209176,15.929395,1,0,0.0,0
38.0,Andes,C,Central_Andes_shortening,41,41,93.392174,11802.217605,1501.13363,-71.605139,-21.288897,0,1,1.0,0
38.0,Izu-Bonin,E,West_Philippine_Basin_IzuBonin,14,14,46.998763999999994,21117.614425,1575.143958,139.9433545,27.216191000000002,1,0,0.0,0
38.0,Mariana,E,West_Philippine_Basin_Mariana,35,35,40.453987,21117.614425,1945.913965,144.699632,15.830702,1,0,0.0,0
39.0,Andes,C,Central_Andes_shortening,39,39,91.872749,11756.252401,1501.13363,-71.685998,-20.955005,0,1,1.0,0
39.0,Izu-Bonin,E,West_Philippine_Basin_IzuBonin,10,10,41.198862,15041.193008,1630.939717,139.3005885,26.0573975,1,0,0.0,0
39.0,Mariana,E,West_Philippine_Basin_Mariana,35,35,38.432076,15041.193008,1936.726197,144.163621,15.798468,1,0,0.0,0
40.0,Andes,C,Central_Andes_shortening,38,38,90.567501,11657.170123,1526.6005645,-71.620509,-20.830422499999997,0,1,1.0,0
40.0,Izu-Bonin,E,West_Philippine_Basin_IzuBonin,5,5,41.413685,16161.2537,1649.519761,138.59527,25.103952,1,0,0.0,0
40.0,Mariana,E,West_Philippine_Basin_Mariana,36,36,38.726738,16161.2537,1881.1131755000001,143.536057,15.9822085,1,0,0.0,0
41.0,Andes,C,Central_Andes_shortening,37,37,88.612022,11753.182879,1551.5974,-71.647302,-20.658554,0,1,1.0,0
41.0,Mariana,E,West_Philippine_Basin_Mariana,37,37,35.958988,11357.120609,1834.718881,142.766137,15.997407,1,0,0.0,0
42.0,Andes,C,Central_Andes_shortening,37,37,87.220436,11692.215073,1551.452255,-71.541312,-20.699257,0,1,1.0,0
42.0,Mariana,E,West_Philippine_Basin_Mariana,38,38,38.459340999999995,11618.360727,1801.286987,141.948767,15.960308,1,0,0.0,0
43.0,Andes,C,Central_Andes_shortening,37,37,85.435226,11628.915071,1501.13363,-71.694424,-20.302867,0,1,1.0,0
43.0,Mariana,E,West_Philippine_Basin_Mariana,39,39,37.144798,17640.719817,1779.12134,140.834046,16.303422,1,0,0.0,0
44.0,Andes,C,Central_Andes_shortening,36,36,83.909645,11521.395852,1473.334859,-71.7156605,-20.123959999999997,0,1,1.0,0
44.0,Mariana,E,West_Philippine_Basin_Mariana,41,41,34.513287,17755.933003,1723.523798,139.759293,16.321755,1,0,0.0,0
45.0,Andes,C,Central_Andes_shortening,35,35,82.633644,11418.489038,1445.536088,-71.740955,-19.947199,0,1,1.0,0
45.0,Mariana,E,West_Philippine_Basin_Mariana,39,39,29.796888,15547.952701,1723.523798,138.991634,15.817344,1,0,0.0,0
46.0,Andes,C,Central_Andes_shortening,32,32,81.085819,11654.187004,1350.023938,-71.91372000000001,-19.4794955,0,1,1.0,0
46.0,Mariana,E,West_Philippine_Basin_Mariana,36,36,27.093115,16179.924974,1810.0946840000001,138.546735,15.201106500000002,1,0,0.0,0
47.0,Andes,C,Central_Andes_shortening,31,31,79.789886,11545.769931,1322.225167,-71.919629,-19.297679,0,1,1.0,0
47.0,Mariana,E,West_Philippine_Basin_Mariana,33,33,25.912569,15266.787455,1779.12134,138.129222,14.575893,1,0,0.0,0
48.0,Andes,C,Central_Andes_shortening,30,30,78.49972199999999,11380.740389,1294.426396,-71.9251845,-19.100547,0,1,1.0,0
48.0,Mariana,E,West_Philippine_Basin_Mariana,30,30,20.9052455,15334.08801,1764.6888125,137.7300165,13.943362,1,0,0.0,0
49.0,Andes,C,Central_Andes_shortening,30,30,77.49607449999999,11304.554987,1294.426396,-71.80774,-18.982945,0,1,1.0,0
49.0,Mariana,E,West_Philippine_Basin_Mariana,28,28,16.755226,8912.41285,1703.53169,137.2829165,13.4091395,1,0,0.0,0
50.0,Andes,C,Central_Andes_shortening,29,29,76.275711,11214.752513,1266.627625,-71.815089,-18.646521,0,1,1.0,0
50.0,Mariana,E,West_Philippine_Basin_Mariana,26,26,20.423257,8722.022907,1623.054265,136.8596455,12.8683685,1,0,0.0,0
51.0,Mariana,E,West_Philippine_Basin_Mariana,24,24,18.530261,5696.142376,1498.655566,136.581842,12.463451500000001,1,0,0.0,0
52.0,Mariana,E,West_Philippine_Basin_Mariana,22,22,17.322221499999998,5491.170717,1463.119003,136.321936,12.0504195,1,0,0.0,0
53.0,Mariana,E,West_Philippine_Basin_Mariana,31,31,24.618221,8489.155597,2112.67287,138.332511,14.237177,1,0,0.0,0
54.0,Mariana,E,West_Philippine_Basin_Mariana,31,31,31.920998,8529.00953,2096.047345,138.232423,14.075592,1,0,0.0,0
55.0,Mariana,E,West_Philippine_Basin_Mariana,31,31,33.321388,8566.216861,2078.730812,138.127448,13.918437,1,0,0.0,0
